RM1,RM2,RT1,RT2,T
28.191,9989.78,39990,10000,0.01
56.3821,9979.6,39980,10000,0.02
84.5731,9969.46,39970,10000,0.03
112.764,9959.35,39960,10000,0.04
140.955,9949.29,39950,10000,0.05
169.146,9939.26,39940,10000,0.06
197.337,9929.27,39930,10000,0.07
225.528,9919.33,39920,10000,0.08
253.718,9909.42,39910,10000,0.09
281.909,9899.54,39900,10000,0.1
310.099,9889.71,39890,10000,0.11
338.29,9879.92,39880,10000,0.12
366.48,9870.16,39870,10000,0.13
394.67,9860.44,39860,10000,0.14
422.86,9850.76,39850,10000,0.15
451.05,9841.12,39840,10000,0.16
479.24,9831.52,39830,10000,0.17
507.429,9821.95,39820,10000,0.18
535.619,9812.42,39810,10000,0.19
563.808,9802.93,39800,10000,0.2
591.997,9793.48,39790,10000,0.21
620.186,9784.06,39780,10000,0.22
648.374,9774.68,39770,10000,0.23
676.563,9765.34,39760,10000,0.24
704.751,9756.04,39750,10000,0.25
732.939,9746.77,39740,10000,0.26
761.127,9737.55,39730,10000,0.27
789.314,9728.35,39720,10000,0.28
817.501,9719.2,39710,10000,0.29
845.688,9710.08,39700,10000,0.3
873.875,9701,39690,10000,0.31
902.061,9691.96,39680,10000,0.32
930.247,9682.95,39670,10000,0.33
958.433,9673.98,39660,10000,0.34
986.618,9665.05,39650,10000,0.35
1014.8,9656.15,39640,10000,0.36
1042.99,9647.29,39630,10000,0.37
1071.17,9638.46,39620,10000,0.38
1099.36,9629.68,39610,10000,0.39
1127.54,9620.92,39600,10000,0.4
1155.72,9612.21,39590,10000,0.41
1183.91,9603.53,39580,10000,0.42
1212.09,9594.89,39570,10000,0.43
1240.27,9586.28,39560,10000,0.44
1268.45,9577.71,39550,10000,0.45
1296.64,9569.17,39540,10000,0.46
1324.82,9560.67,39530,10000,0.47
1353,9552.21,39520,10000,0.48
1381.18,9543.78,39510,10000,0.49
1409.36,9535.38,39500,10000,0.5
1437.54,9527.02,39490,10000,0.51
1465.72,9518.7,39480,10000,0.52
1493.9,9510.41,39470,10000,0.53
1522.07,9502.16,39460,10000,0.54
1550.25,9493.95,39450,10000,0.55
1578.43,9485.76,39440,10000,0.56
1606.6,9477.62,39430,10000,0.57
1634.78,9469.5,39420,10000,0.58
1662.96,9461.43,39410,10000,0.59
1691.13,9453.38,39400,10000,0.6
1719.31,9445.38,39390,10000,0.61
1747.48,9437.4,39380,10000,0.62
1775.65,9429.46,39370,10000,0.63
1803.83,9421.56,39360,10000,0.64
1832,9413.69,39350,10000,0.65
1860.17,9405.85,39340,10000,0.66
1888.34,9398.05,39330,10000,0.67
1916.52,9390.29,39320,10000,0.68
1944.69,9382.55,39310,10000,0.69
1972.86,9374.85,39300,10000,0.7
2001.02,9367.19,39290,10000,0.71
2029.19,9359.56,39280,10000,0.72
2057.36,9351.96,39270,10000,0.73
2085.53,9344.4,39260,10000,0.74
2113.7,9336.87,39250,10000,0.75
2141.86,9329.37,39240,10000,0.76
2170.03,9321.91,39230,10000,0.77
2198.19,9314.48,39220,10000,0.78
2226.36,9307.09,39210,10000,0.79
2254.52,9299.72,39200,10000,0.8
2282.69,9292.39,39190,10000,0.81
2310.85,9285.1,39180,10000,0.82
2339.01,9277.84,39170,10000,0.83
2367.17,9270.61,39160,10000,0.84
2395.33,9263.41,39150,10000,0.85
2423.49,9256.25,39140,10000,0.86
2451.65,9249.12,39130,10000,0.87
2479.81,9242.02,39120,10000,0.88
2507.97,9234.95,39110,10000,0.89
2536.13,9227.92,39100,10000,0.9
2564.28,9220.92,39090,10000,0.91
2592.44,9213.95,39080,10000,0.92
2620.59,9207.02,39070,10000,0.93
2648.75,9200.11,39060,10000,0.94
2676.9,9193.24,39050,10000,0.95
2705.06,9186.41,39040,10000,0.96
2733.21,9179.6,39030,10000,0.97
2761.36,9172.83,39020,10000,0.98
2789.51,9166.08,39010,10000,0.99
2817.66,9159.37,39000,10000,1
2845.81,9152.7,38990,10000,1.01
2873.96,9146.05,38980,10000,1.02
2902.11,9139.43,38970,10000,1.03
2930.25,9132.85,38960,10000,1.04
2958.4,9126.3,38950,10000,1.05
2986.55,9119.78,38940,10000,1.06
3014.69,9113.29,38930,10000,1.07
3042.84,9106.84,38920,10000,1.08
3070.98,9100.41,38910,10000,1.09
3099.12,9094.02,38900,10000,1.1
3127.26,9087.65,38890,10000,1.11
3155.4,9081.32,38880,10000,1.12
3183.55,9075.02,38870,10000,1.13
3211.68,9068.75,38860,10000,1.14
3239.82,9062.51,38850,10000,1.15
3267.96,9056.3,38840,10000,1.16
3296.1,9050.13,38830,10000,1.17
3324.23,9043.98,38820,10000,1.18
3352.37,9037.86,38810,10000,1.19
3380.5,9031.78,38800,10000,1.2
3408.64,9025.72,38790,10000,1.21
3436.77,9019.7,38780,10000,1.22
3464.9,9013.7,38770,10000,1.23
3493.03,9007.74,38760,10000,1.24
3521.16,9001.81,38750,10000,1.25
3549.29,8995.9,38740,10000,1.26
3577.42,8990.03,38730,10000,1.27
3605.55,8984.19,38720,10000,1.28
3633.68,8978.38,38710,10000,1.29
3661.8,8972.59,38700,10000,1.3
3689.93,8966.84,38690,10000,1.31
3718.05,8961.12,38680,10000,1.32
3746.18,8955.42,38670,10000,1.33
3774.3,8949.76,38660,10000,1.34
3802.42,8944.12,38650,10000,1.35
3830.54,8938.52,38640,10000,1.36
3858.66,8932.94,38630,10000,1.37
3886.78,8927.4,38620,10000,1.38
3914.9,8921.88,38610,10000,1.39
3943.01,8916.39,38600,10000,1.4
3971.13,8910.94,38590,10000,1.41
3999.24,8905.51,38580,10000,1.42
4027.36,8900.11,38570,10000,1.43
4055.47,8894.74,38560,10000,1.44
4083.58,8889.39,38550,10000,1.45
4111.7,8884.08,38540,10000,1.46
4139.81,8878.8,38530,10000,1.47
4167.92,8873.54,38520,10000,1.48
4196.03,8868.31,38510,10000,1.49
4224.13,8863.11,38500,10000,1.5
4252.24,8857.95,38490,10000,1.51
4280.35,8852.8,38480,10000,1.52
4308.45,8847.69,38470,10000,1.53
4336.55,8842.61,38460,10000,1.54
4364.66,8837.55,38450,10000,1.55
4392.76,8832.52,38440,10000,1.56
4420.86,8827.52,38430,10000,1.57
4448.96,8822.55,38420,10000,1.58
4477.06,8817.61,38410,10000,1.59
4505.16,8812.69,38400,10000,1.6
4533.26,8807.8,38390,10000,1.61
4561.35,8802.94,38380,10000,1.62
4589.45,8798.11,38370,10000,1.63
4617.54,8793.31,38360,10000,1.64
4645.63,8788.53,38350,10000,1.65
4673.73,8783.78,38340,10000,1.66
4701.82,8779.06,38330,10000,1.67
4729.91,8774.37,38320,10000,1.68
4758,8769.7,38310,10000,1.69
4786.09,8765.06,38300,10000,1.7
4814.17,8760.45,38290,10000,1.71
4842.26,8755.86,38280,10000,1.72
4870.34,8751.31,38270,10000,1.73
4898.43,8746.78,38260,10000,1.74
4926.51,8742.27,38250,10000,1.75
4954.59,8737.8,38240,10000,1.76
4982.67,8733.35,38230,10000,1.77
5010.75,8728.92,38220,10000,1.78
5038.83,8724.53,38210,10000,1.79
5066.91,8720.16,38200,10000,1.8
5094.99,8715.82,38190,10000,1.81
5123.06,8711.5,38180,10000,1.82
5151.14,8707.21,38170,10000,1.83
5179.21,8702.95,38160,10000,1.84
5207.29,8698.71,38150,10000,1.85
5235.36,8694.5,38140,10000,1.86
5263.43,8690.32,38130,10000,1.87
5291.5,8686.16,38120,10000,1.88
5319.57,8682.03,38110,10000,1.89
5347.64,8677.92,38100,10000,1.9
5375.7,8673.84,38090,10000,1.91
5403.77,8669.79,38080,10000,1.92
5431.83,8665.76,38070,10000,1.93
5459.9,8661.76,38060,10000,1.94
5487.96,8657.78,38050,10000,1.95
5516.02,8653.83,38040,10000,1.96
5544.08,8649.91,38030,10000,1.97
5572.14,8646.01,38020,10000,1.98
5600.2,8642.14,38010,10000,1.99
5628.25,8638.29,38000,10000,2
5656.31,8634.47,37990,10000,2.01
5684.36,8630.67,37980,10000,2.02
5712.42,8626.9,37970,10000,2.03
5740.47,8623.15,37960,10000,2.04
5768.52,8619.43,37950,10000,2.05
5796.57,8615.73,37940,10000,2.06
5824.62,8612.06,37930,10000,2.07
5852.67,8608.42,37920,10000,2.08
5880.72,8604.8,37910,10000,2.09
5908.77,8601.2,37900,10000,2.1
5936.81,8597.63,37890,10000,2.11
5964.85,8594.08,37880,10000,2.12
5992.9,8590.56,37870,10000,2.13
6020.94,8587.06,37860,10000,2.14
6048.98,8583.59,37850,10000,2.15
6077.02,8580.14,37840,10000,2.16
6105.06,8576.72,37830,10000,2.17
6133.1,8573.32,37820,10000,2.18
6161.13,8569.94,37810,10000,2.19
6189.17,8566.59,37800,10000,2.2
6217.2,8563.27,37790,10000,2.21
6245.24,8559.97,37780,10000,2.22
6273.27,8556.69,37770,10000,2.23
6301.3,8553.43,37760,10000,2.24
6329.33,8550.2,37750,10000,2.25
6357.36,8547,37740,10000,2.26
6385.39,8543.82,37730,10000,2.27
6413.41,8540.66,37720,10000,2.28
6441.44,8537.52,37710,10000,2.29
6469.46,8534.41,37700,10000,2.3
6497.48,8531.32,37690,10000,2.31
6525.51,8528.26,37680,10000,2.32
6553.53,8525.22,37670,10000,2.33
6581.55,8522.2,37660,10000,2.34
6609.57,8519.21,37650,10000,2.35
6637.58,8516.24,37640,10000,2.36
6665.6,8513.3,37630,10000,2.37
6693.62,8510.37,37620,10000,2.38
6721.63,8507.47,37610,10000,2.39
6749.64,8504.6,37600,10000,2.4
6777.66,8501.74,37590,10000,2.41
6805.67,8498.91,37580,10000,2.42
6833.68,8496.1,37570,10000,2.43
6861.68,8493.32,37560,10000,2.44
6889.69,8490.56,37550,10000,2.45
6917.7,8487.82,37540,10000,2.46
6945.7,8485.1,37530,10000,2.47
6973.71,8482.41,37520,10000,2.48
7001.71,8479.74,37510,10000,2.49
7029.71,8477.09,37500,10000,2.5
7057.71,8474.46,37490,10000,2.51
7085.71,8471.86,37480,10000,2.52
7113.71,8469.28,37470,10000,2.53
7141.71,8466.72,37460,10000,2.54
7169.71,8464.18,37450,10000,2.55
7197.7,8461.67,37440,10000,2.56
7225.7,8459.17,37430,10000,2.57
7253.69,8456.7,37420,10000,2.58
7281.68,8454.26,37410,10000,2.59
7309.67,8451.83,37400,10000,2.6
7337.66,8449.43,37390,10000,2.61
7365.65,8447.04,37380,10000,2.62
7393.64,8444.68,37370,10000,2.63
7421.62,8442.34,37360,10000,2.64
7449.61,8440.03,37350,10000,2.65
7477.59,8437.73,37340,10000,2.66
7505.57,8435.46,37330,10000,2.67
7533.56,8433.21,37320,10000,2.68
7561.54,8430.98,37310,10000,2.69
7589.52,8428.77,37300,10000,2.7
7617.49,8426.58,37290,10000,2.71
7645.47,8424.41,37280,10000,2.72
7673.45,8422.27,37270,10000,2.73
7701.42,8420.14,37260,10000,2.74
7729.4,8418.04,37250,10000,2.75
7757.37,8415.96,37240,10000,2.76
7785.34,8413.9,37230,10000,2.77
7813.31,8411.86,37220,10000,2.78
7841.28,8409.84,37210,10000,2.79
7869.25,8407.84,37200,10000,2.8
7897.21,8405.87,37190,10000,2.81
7925.18,8403.91,37180,10000,2.82
7953.14,8401.97,37170,10000,2.83
7981.11,8400.06,37160,10000,2.84
8009.07,8398.17,37150,10000,2.85
8037.03,8396.29,37140,10000,2.86
8064.99,8394.44,37130,10000,2.87
8092.95,8392.61,37120,10000,2.88
8120.91,8390.79,37110,10000,2.89
8148.87,8389,37100,10000,2.9
8176.82,8387.23,37090,10000,2.91
8204.78,8385.48,37080,10000,2.92
8232.73,8383.75,37070,10000,2.93
8260.68,8382.04,37060,10000,2.94
8288.63,8380.35,37050,10000,2.95
8316.58,8378.68,37040,10000,2.96
8344.53,8377.03,37030,10000,2.97
8372.48,8375.4,37020,10000,2.98
8400.43,8373.78,37010,10000,2.99
8428.37,8372.19,37000,10000,3
8456.32,8370.62,36990,10000,3.01
8484.26,8369.07,36980,10000,3.02
8512.2,8367.54,36970,10000,3.03
8540.14,8366.03,36960,10000,3.04
8568.08,8364.53,36950,10000,3.05
8596.02,8363.06,36940,10000,3.06
8623.96,8361.61,36930,10000,3.07
8651.89,8360.17,36920,10000,3.08
8679.83,8358.76,36910,10000,3.09
8707.76,8357.36,36900,10000,3.1
8735.7,8355.98,36890,10000,3.11
8763.63,8354.63,36880,10000,3.12
8791.56,8353.29,36870,10000,3.13
8819.49,8351.97,36860,10000,3.14
8847.42,8350.67,36850,10000,3.15
8875.35,8349.39,36840,10000,3.16
8903.27,8348.13,36830,10000,3.17
8931.2,8346.88,36820,10000,3.18
8959.12,8345.66,36810,10000,3.19
8987.04,8344.45,36800,10000,3.2
9014.97,8343.27,36790,10000,3.21
9042.89,8342.1,36780,10000,3.22
9070.81,8340.95,36770,10000,3.23
9098.72,8339.82,36760,10000,3.24
9126.64,8338.71,36750,10000,3.25
9154.56,8337.61,36740,10000,3.26
9182.47,8336.54,36730,10000,3.27
9210.39,8335.48,36720,10000,3.28
9238.3,8334.44,36710,10000,3.29
9266.21,8333.42,36700,10000,3.3
9294.12,8332.42,36690,10000,3.31
9322.03,8331.43,36680,10000,3.32
9349.94,8330.47,36670,10000,3.33
9377.85,8329.52,36660,10000,3.34
9405.76,8328.59,36650,10000,3.35
9433.66,8327.68,36640,10000,3.36
9461.57,8326.78,36630,10000,3.37
9489.47,8325.91,36620,10000,3.38
9517.37,8325.05,36610,10000,3.39
9545.27,8324.21,36600,10000,3.4
9573.17,8323.38,36590,10000,3.41
9601.07,8322.58,36580,10000,3.42
9628.97,8321.79,36570,10000,3.43
9656.86,8321.02,36560,10000,3.44
9684.76,8320.27,36550,10000,3.45
9712.65,8319.53,36540,10000,3.46
9740.55,8318.82,36530,10000,3.47
9768.44,8318.12,36520,10000,3.48
9796.33,8317.43,36510,10000,3.49
9824.22,8316.77,36500,10000,3.5
9852.11,8316.12,36490,10000,3.51
9880,8315.49,36480,10000,3.52
9907.88,8314.87,36470,10000,3.53
9935.77,8314.28,36460,10000,3.54
9963.65,8313.7,36450,10000,3.55
9991.54,8313.13,36440,10000,3.56
10019.4,8312.59,36430,10000,3.57
10047.3,8312.06,36420,10000,3.58
10075.2,8311.54,36410,10000,3.59
10103.1,8311.05,36400,10000,3.6
10130.9,8310.57,36390,10000,3.61
10158.8,8310.11,36380,10000,3.62
10186.7,8309.66,36370,10000,3.63
10214.6,8309.23,36360,10000,3.64
10242.4,8308.82,36350,10000,3.65
10270.3,8308.42,36340,10000,3.66
10298.2,8308.04,36330,10000,3.67
10326.1,8307.68,36320,10000,3.68
10353.9,8307.33,36310,10000,3.69
10381.8,8307,36300,10000,3.7
10409.7,8306.69,36290,10000,3.71
10437.5,8306.39,36280,10000,3.72
10465.4,8306.11,36270,10000,3.73
10493.3,8305.84,36260,10000,3.74
10521.1,8305.59,36250,10000,3.75
10549,8305.36,36240,10000,3.76
10576.8,8305.14,36230,10000,3.77
10604.7,8304.94,36220,10000,3.78
10632.6,8304.75,36210,10000,3.79
10660.4,8304.58,36200,10000,3.8
10688.3,8304.43,36190,10000,3.81
10716.1,8304.29,36180,10000,3.82
10744,8304.17,36170,10000,3.83
10771.8,8304.06,36160,10000,3.84
10799.7,8303.97,36150,10000,3.85
10827.5,8303.89,36140,10000,3.86
10855.4,8303.83,36130,10000,3.87
10883.2,8303.79,36120,10000,3.88
10911.1,8303.76,36110,10000,3.89
10938.9,8303.74,36100,10000,3.9
10966.8,8303.74,36090,10000,3.91
10994.6,8303.76,36080,10000,3.92
11022.5,8303.79,36070,10000,3.93
11050.3,8303.84,36060,10000,3.94
11078.2,8303.9,36050,10000,3.95
11106,8303.97,36040,10000,3.96
11133.8,8304.07,36030,10000,3.97
11161.7,8304.17,36020,10000,3.98
11189.5,8304.29,36010,10000,3.99
11217.4,8304.43,36000,10000,4
11245.2,8304.58,35990,10000,4.01
11273,8304.75,35980,10000,4.02
11300.9,8304.93,35970,10000,4.03
11328.7,8305.13,35960,10000,4.04
11356.5,8305.34,35950,10000,4.05
11384.4,8305.56,35940,10000,4.06
11412.2,8305.8,35930,10000,4.07
11440,8306.05,35920,10000,4.08
11467.8,8306.32,35910,10000,4.09
11495.7,8306.61,35900,10000,4.1
11523.5,8306.9,35890,10000,4.11
11551.3,8307.21,35880,10000,4.12
11579.1,8307.54,35870,10000,4.13
11607,8307.88,35860,10000,4.14
11634.8,8308.24,35850,10000,4.15
11662.6,8308.6,35840,10000,4.16
11690.4,8308.99,35830,10000,4.17
11718.3,8309.38,35820,10000,4.18
11746.1,8309.8,35810,10000,4.19
11773.9,8310.22,35800,10000,4.2
11801.7,8310.66,35790,10000,4.21
11829.5,8311.11,35780,10000,4.22
11857.3,8311.58,35770,10000,4.23
11885.1,8312.06,35760,10000,4.24
11913,8312.55,35750,10000,4.25
11940.8,8313.06,35740,10000,4.26
11968.6,8313.58,35730,10000,4.27
11996.4,8314.12,35720,10000,4.28
12024.2,8314.67,35710,10000,4.29
12052,8315.23,35700,10000,4.3
12079.8,8315.81,35690,10000,4.31
12107.6,8316.4,35680,10000,4.32
12135.4,8317,35670,10000,4.33
12163.2,8317.62,35660,10000,4.34
12191,8318.25,35650,10000,4.35
12218.8,8318.89,35640,10000,4.36
12246.6,8319.54,35630,10000,4.37
12274.4,8320.21,35620,10000,4.38
12302.2,8320.9,35610,10000,4.39
12330,8321.59,35600,10000,4.4
12357.8,8322.3,35590,10000,4.41
12385.6,8323.02,35580,10000,4.42
12413.4,8323.76,35570,10000,4.43
12441.2,8324.51,35560,10000,4.44
12469,8325.27,35550,10000,4.45
12496.8,8326.04,35540,10000,4.46
12524.6,8326.83,35530,10000,4.47
12552.4,8327.63,35520,10000,4.48
12580.2,8328.44,35510,10000,4.49
12608,8329.26,35500,10000,4.5
12635.7,8330.1,35490,10000,4.51
12663.5,8330.95,35480,10000,4.52
12691.3,8331.81,35470,10000,4.53
12719.1,8332.69,35460,10000,4.54
12746.9,8333.58,35450,10000,4.55
12774.7,8334.48,35440,10000,4.56
12802.5,8335.39,35430,10000,4.57
12830.2,8336.31,35420,10000,4.58
12858,8337.25,35410,10000,4.59
12885.8,8338.2,35400,10000,4.6
12913.6,8339.16,35390,10000,4.61
12941.3,8340.14,35380,10000,4.62
12969.1,8341.12,35370,10000,4.63
12996.9,8342.12,35360,10000,4.64
13024.7,8343.13,35350,10000,4.65
13052.5,8344.15,35340,10000,4.66
13080.2,8345.19,35330,10000,4.67
13108,8346.23,35320,10000,4.68
13135.8,8347.29,35310,10000,4.69
13163.5,8348.36,35300,10000,4.7
13191.3,8349.44,35290,10000,4.71
13219.1,8350.54,35280,10000,4.72
13246.8,8351.64,35270,10000,4.73
13274.6,8352.76,35260,10000,4.74
13302.4,8353.89,35250,10000,4.75
13330.1,8355.03,35240,10000,4.76
13357.9,8356.18,35230,10000,4.77
13385.7,8357.35,35220,10000,4.78
13413.4,8358.52,35210,10000,4.79
13441.2,8359.71,35200,10000,4.8
13469,8360.91,35190,10000,4.81
13496.7,8362.12,35180,10000,4.82
13524.5,8363.34,35170,10000,4.83
13552.2,8364.57,35160,10000,4.84
13580,8365.81,35150,10000,4.85
13607.7,8367.07,35140,10000,4.86
13635.5,8368.33,35130,10000,4.87
13663.3,8369.61,35120,10000,4.88
13691,8370.9,35110,10000,4.89
13718.8,8372.2,35100,10000,4.9
13746.5,8373.51,35090,10000,4.91
13774.3,8374.83,35080,10000,4.92
13802,8376.16,35070,10000,4.93
13829.8,8377.5,35060,10000,4.94
13857.5,8378.86,35050,10000,4.95
13885.3,8380.22,35040,10000,4.96
13913,8381.6,35030,10000,4.97
13940.8,8382.99,35020,10000,4.98
13968.5,8384.38,35010,10000,4.99
13996.3,8385.79,35000,10000,5
14024,8387.21,34990,10000,5.01
14051.7,8388.64,34980,10000,5.02
14079.5,8390.08,34970,10000,5.03
14107.2,8391.53,34960,10000,5.04
14135,8392.99,34950,10000,5.05
14162.7,8394.46,34940,10000,5.06
14190.4,8395.94,34930,10000,5.07
14218.2,8397.43,34920,10000,5.08
14245.9,8398.94,34910,10000,5.09
14273.7,8400.45,34900,10000,5.1
14301.4,8401.97,34890,10000,5.11
14329.1,8403.5,34880,10000,5.12
14356.9,8405.05,34870,10000,5.13
14384.6,8406.6,34860,10000,5.14
14412.3,8408.17,34850,10000,5.15
14440.1,8409.74,34840,10000,5.16
14467.8,8411.32,34830,10000,5.17
14495.5,8412.92,34820,10000,5.18
14523.2,8414.52,34810,10000,5.19
14551,8416.13,34800,10000,5.2
14578.7,8417.76,34790,10000,5.21
14606.4,8419.39,34780,10000,5.22
14634.2,8421.03,34770,10000,5.23
14661.9,8422.69,34760,10000,5.24
14689.6,8424.35,34750,10000,5.25
14717.3,8426.02,34740,10000,5.26
14745.1,8427.7,34730,10000,5.27
14772.8,8429.4,34720,10000,5.28
14800.5,8431.1,34710,10000,5.29
14828.2,8432.81,34700,10000,5.3
14855.9,8434.53,34690,10000,5.31
14883.7,8436.26,34680,10000,5.32
14911.4,8438,34670,10000,5.33
14939.1,8439.75,34660,10000,5.34
14966.8,8441.51,34650,10000,5.35
14994.5,8443.27,34640,10000,5.36
15022.3,8445.05,34630,10000,5.37
15050,8446.84,34620,10000,5.38
15077.7,8448.63,34610,10000,5.39
15105.4,8450.44,34600,10000,5.4
15133.1,8452.25,34590,10000,5.41
15160.8,8454.07,34580,10000,5.42
15188.5,8455.91,34570,10000,5.43
15216.2,8457.75,34560,10000,5.44
15244,8459.6,34550,10000,5.45
15271.7,8461.46,34540,10000,5.46
15299.4,8463.32,34530,10000,5.47
15327.1,8465.2,34520,10000,5.48
15354.8,8467.09,34510,10000,5.49
15382.5,8468.98,34500,10000,5.5
15410.2,8470.89,34490,10000,5.51
15437.9,8472.8,34480,10000,5.52
15465.6,8474.72,34470,10000,5.53
15493.3,8476.65,34460,10000,5.54
15521,8478.59,34450,10000,5.55
15548.7,8480.53,34440,10000,5.56
15576.4,8482.49,34430,10000,5.57
15604.1,8484.45,34420,10000,5.58
15631.8,8486.43,34410,10000,5.59
15659.5,8488.41,34400,10000,5.6
15687.2,8490.4,34390,10000,5.61
15714.9,8492.4,34380,10000,5.62
15742.6,8494.4,34370,10000,5.63
15770.3,8496.42,34360,10000,5.64
15798,8498.44,34350,10000,5.65
15825.7,8500.47,34340,10000,5.66
15853.4,8502.51,34330,10000,5.67
15881.1,8504.56,34320,10000,5.68
15908.8,8506.62,34310,10000,5.69
15936.5,8508.68,34300,10000,5.7
15964.2,8510.75,34290,10000,5.71
15991.9,8512.83,34280,10000,5.72
16019.6,8514.92,34270,10000,5.73
16047.2,8517.02,34260,10000,5.74
16074.9,8519.13,34250,10000,5.75
16102.6,8521.24,34240,10000,5.76
16130.3,8523.36,34230,10000,5.77
16158,8525.49,34220,10000,5.78
16185.7,8527.62,34210,10000,5.79
16213.4,8529.77,34200,10000,5.8
16241.1,8531.92,34190,10000,5.81
16268.7,8534.08,34180,10000,5.82
16296.4,8536.25,34170,10000,5.83
16324.1,8538.42,34160,10000,5.84
16351.8,8540.61,34150,10000,5.85
16379.5,8542.8,34140,10000,5.86
16407.2,8544.99,34130,10000,5.87
16434.8,8547.2,34120,10000,5.88
16462.5,8549.41,34110,10000,5.89
16490.2,8551.63,34100,10000,5.9
16517.9,8553.86,34090,10000,5.91
16545.6,8556.1,34080,10000,5.92
16573.2,8558.34,34070,10000,5.93
16600.9,8560.59,34060,10000,5.94
16628.6,8562.85,34050,10000,5.95
16656.3,8565.11,34040,10000,5.96
16684,8567.39,34030,10000,5.97
16711.6,8569.67,34020,10000,5.98
16739.3,8571.95,34010,10000,5.99
16767,8574.25,34000,10000,6
16794.7,8576.55,33990,10000,6.01
16822.3,8578.86,33980,10000,6.02
16850,8581.17,33970,10000,6.03
16877.7,8583.49,33960,10000,6.04
16905.3,8585.82,33950,10000,6.05
16933,8588.16,33940,10000,6.06
16960.7,8590.5,33930,10000,6.07
16988.3,8592.85,33920,10000,6.08
17016,8595.21,33910,10000,6.09
17043.7,8597.58,33900,10000,6.1
17071.4,8599.95,33890,10000,6.11
17099,8602.32,33880,10000,6.12
17126.7,8604.71,33870,10000,6.13
17154.4,8607.1,33860,10000,6.14
17182,8609.5,33850,10000,6.15
17209.7,8611.9,33840,10000,6.16
17237.3,8614.32,33830,10000,6.17
17265,8616.73,33820,10000,6.18
17292.7,8619.16,33810,10000,6.19
17320.3,8621.59,33800,10000,6.2
17348,8624.03,33790,10000,6.21
17375.7,8626.47,33780,10000,6.22
17403.3,8628.92,33770,10000,6.23
17431,8631.38,33760,10000,6.24
17458.6,8633.84,33750,10000,6.25
17486.3,8636.31,33740,10000,6.26
17514,8638.79,33730,10000,6.27
17541.6,8641.27,33720,10000,6.28
17569.3,8643.76,33710,10000,6.29
17596.9,8646.26,33700,10000,6.3
17624.6,8648.76,33690,10000,6.31
17652.2,8651.27,33680,10000,6.32
17679.9,8653.78,33670,10000,6.33
17707.6,8656.3,33660,10000,6.34
17735.2,8658.83,33650,10000,6.35
17762.9,8661.36,33640,10000,6.36
17790.5,8663.9,33630,10000,6.37
17818.2,8666.44,33620,10000,6.38
17845.8,8668.99,33610,10000,6.39
17873.5,8671.55,33600,10000,6.4
17901.1,8674.11,33590,10000,6.41
17928.8,8676.68,33580,10000,6.42
17956.4,8679.25,33570,10000,6.43
17984.1,8681.83,33560,10000,6.44
18011.7,8684.42,33550,10000,6.45
18039.4,8687.01,33540,10000,6.46
18067,8689.61,33530,10000,6.47
18094.7,8692.21,33520,10000,6.48
18122.3,8694.82,33510,10000,6.49
18150,8697.43,33500,10000,6.5
18177.6,8700.05,33490,10000,6.51
18205.3,8702.68,33480,10000,6.52
18232.9,8705.31,33470,10000,6.53
18260.6,8707.95,33460,10000,6.54
18288.2,8710.59,33450,10000,6.55
18315.8,8713.24,33440,10000,6.56
18343.5,8715.89,33430,10000,6.57
18371.1,8718.55,33420,10000,6.58
18398.8,8721.22,33410,10000,6.59
18426.4,8723.89,33400,10000,6.6
18454.1,8726.56,33390,10000,6.61
18481.7,8729.24,33380,10000,6.62
18509.3,8731.93,33370,10000,6.63
18537,8734.62,33360,10000,6.64
18564.6,8737.32,33350,10000,6.65
18592.3,8740.02,33340,10000,6.66
18619.9,8742.73,33330,10000,6.67
18647.5,8745.44,33320,10000,6.68
18675.2,8748.16,33310,10000,6.69
18702.8,8750.88,33300,10000,6.7
18730.5,8753.61,33290,10000,6.71
18758.1,8756.34,33280,10000,6.72
18785.7,8759.08,33270,10000,6.73
18813.4,8761.82,33260,10000,6.74
18841,8764.57,33250,10000,6.75
18868.6,8767.32,33240,10000,6.76
18896.3,8770.08,33230,10000,6.77
18923.9,8772.84,33220,10000,6.78
18951.5,8775.61,33210,10000,6.79
18979.2,8778.38,33200,10000,6.8
19006.8,8781.16,33190,10000,6.81
19034.4,8783.94,33180,10000,6.82
19062.1,8786.73,33170,10000,6.83
19089.7,8789.52,33160,10000,6.84
19117.3,8792.32,33150,10000,6.85
19145,8795.12,33140,10000,6.86
19172.6,8797.93,33130,10000,6.87
19200.2,8800.74,33120,10000,6.88
19227.9,8803.55,33110,10000,6.89
19255.5,8806.37,33100,10000,6.9
19283.1,8809.2,33090,10000,6.91
19310.8,8812.03,33080,10000,6.92
19338.4,8814.86,33070,10000,6.93
19366,8817.7,33060,10000,6.94
19393.6,8820.54,33050,10000,6.95
19421.3,8823.39,33040,10000,6.96
19448.9,8826.24,33030,10000,6.97
19476.5,8829.1,33020,10000,6.98
19504.1,8831.96,33010,10000,6.99
19531.8,8834.82,33000,10000,7
19559.4,8837.69,32990,10000,7.01
19587,8840.57,32980,10000,7.02
19614.6,8843.44,32970,10000,7.03
19642.3,8846.33,32960,10000,7.04
19669.9,8849.21,32950,10000,7.05
19697.5,8852.1,32940,10000,7.06
19725.1,8855,32930,10000,7.07
19752.8,8857.9,32920,10000,7.08
19780.4,8860.8,32910,10000,7.09
19808,8863.71,32900,10000,7.1
19835.6,8866.62,32890,10000,7.11
19863.3,8869.53,32880,10000,7.12
19890.9,8872.45,32870,10000,7.13
19918.5,8875.38,32860,10000,7.14
19946.1,8878.31,32850,10000,7.15
19973.7,8881.24,32840,10000,7.16
20001.4,8884.17,32830,10000,7.17
20029,8887.11,32820,10000,7.18
20056.6,8890.06,32810,10000,7.19
20084.2,8893,32800,10000,7.2
20111.8,8895.96,32790,10000,7.21
20139.4,8898.91,32780,10000,7.22
20167.1,8901.87,32770,10000,7.23
20194.7,8904.83,32760,10000,7.24
20222.3,8907.8,32750,10000,7.25
20249.9,8910.77,32740,10000,7.26
20277.5,8913.74,32730,10000,7.27
20305.1,8916.72,32720,10000,7.28
20332.8,8919.7,32710,10000,7.29
20360.4,8922.69,32700,10000,7.3
20388,8925.68,32690,10000,7.31
20415.6,8928.67,32680,10000,7.32
20443.2,8931.67,32670,10000,7.33
20470.8,8934.67,32660,10000,7.34
20498.5,8937.67,32650,10000,7.35
20526.1,8940.68,32640,10000,7.36
20553.7,8943.69,32630,10000,7.37
20581.3,8946.7,32620,10000,7.38
20608.9,8949.72,32610,10000,7.39
20636.5,8952.74,32600,10000,7.4
20664.1,8955.76,32590,10000,7.41
20691.7,8958.79,32580,10000,7.42
20719.4,8961.82,32570,10000,7.43
20747,8964.85,32560,10000,7.44
20774.6,8967.89,32550,10000,7.45
20802.2,8970.93,32540,10000,7.46
20829.8,8973.98,32530,10000,7.47
20857.4,8977.03,32520,10000,7.48
20885,8980.08,32510,10000,7.49
20912.6,8983.13,32500,10000,7.5
20940.2,8986.19,32490,10000,7.51
20967.8,8989.25,32480,10000,7.52
20995.4,8992.31,32470,10000,7.53
21023.1,8995.38,32460,10000,7.54
21050.7,8998.45,32450,10000,7.55
21078.3,9001.52,32440,10000,7.56
21105.9,9004.6,32430,10000,7.57
21133.5,9007.68,32420,10000,7.58
21161.1,9010.76,32410,10000,7.59
21188.7,9013.84,32400,10000,7.6
21216.3,9016.93,32390,10000,7.61
21243.9,9020.02,32380,10000,7.62
21271.5,9023.12,32370,10000,7.63
21299.1,9026.21,32360,10000,7.64
21326.7,9029.31,32350,10000,7.65
21354.3,9032.42,32340,10000,7.66
21381.9,9035.52,32330,10000,7.67
21409.5,9038.63,32320,10000,7.68
21437.1,9041.74,32310,10000,7.69
21464.8,9044.86,32300,10000,7.7
21492.4,9047.97,32290,10000,7.71
21520,9051.09,32280,10000,7.72
21547.6,9054.22,32270,10000,7.73
21575.2,9057.34,32260,10000,7.74
21602.8,9060.47,32250,10000,7.75
21630.4,9063.6,32240,10000,7.76
21658,9066.74,32230,10000,7.77
21685.6,9069.87,32220,10000,7.78
21713.2,9073.01,32210,10000,7.79
21740.8,9076.15,32200,10000,7.8
21768.4,9079.3,32190,10000,7.81
21796,9082.44,32180,10000,7.82
21823.6,9085.59,32170,10000,7.83
21851.2,9088.74,32160,10000,7.84
21878.8,9091.9,32150,10000,7.85
21906.4,9095.06,32140,10000,7.86
21934,9098.21,32130,10000,7.87
21961.6,9101.38,32120,10000,7.88
21989.2,9104.54,32110,10000,7.89
22016.8,9107.71,32100,10000,7.9
22044.4,9110.88,32090,10000,7.91
22072,9114.05,32080,10000,7.92
22099.6,9117.22,32070,10000,7.93
22127.2,9120.4,32060,10000,7.94
22154.8,9123.58,32050,10000,7.95
22182.4,9126.76,32040,10000,7.96
22210,9129.94,32030,10000,7.97
22237.6,9133.13,32020,10000,7.98
22265.2,9136.32,32010,10000,7.99
22292.8,9139.51,32000,10000,8
22320.4,9142.7,31990,10000,8.01
22348,9145.89,31980,10000,8.02
22375.6,9149.09,31970,10000,8.03
22403.2,9152.29,31960,10000,8.04
22430.7,9155.49,31950,10000,8.05
22458.3,9158.69,31940,10000,8.06
22485.9,9161.9,31930,10000,8.07
22513.5,9165.11,31920,10000,8.08
22541.1,9168.32,31910,10000,8.09
22568.7,9171.53,31900,10000,8.1
22596.3,9174.74,31890,10000,8.11
22623.9,9177.96,31880,10000,8.12
22651.5,9181.18,31870,10000,8.13
22679.1,9184.4,31860,10000,8.14
22706.7,9187.62,31850,10000,8.15
22734.3,9190.84,31840,10000,8.16
22761.9,9194.07,31830,10000,8.17
22789.5,9197.3,31820,10000,8.18
22817.1,9200.53,31810,10000,8.19
22844.7,9203.76,31800,10000,8.2
22872.3,9206.99,31790,10000,8.21
22899.9,9210.23,31780,10000,8.22
22927.5,9213.47,31770,10000,8.23
22955,9216.71,31760,10000,8.24
22982.6,9219.95,31750,10000,8.25
23010.2,9223.19,31740,10000,8.26
23037.8,9226.44,31730,10000,8.27
23065.4,9229.68,31720,10000,8.28
23093,9232.93,31710,10000,8.29
23120.6,9236.18,31700,10000,8.3
23148.2,9239.43,31690,10000,8.31
23175.8,9242.69,31680,10000,8.32
23203.4,9245.94,31670,10000,8.33
23231,9249.2,31660,10000,8.34
23258.6,9252.46,31650,10000,8.35
23286.1,9255.72,31640,10000,8.36
23313.7,9258.98,31630,10000,8.37
23341.3,9262.24,31620,10000,8.38
23368.9,9265.51,31610,10000,8.39
23396.5,9268.78,31600,10000,8.4
23424.1,9272.05,31590,10000,8.41
23451.7,9275.32,31580,10000,8.42
23479.3,9278.59,31570,10000,8.43
23506.9,9281.86,31560,10000,8.44
23534.5,9285.14,31550,10000,8.45
23562,9288.41,31540,10000,8.46
23589.6,9291.69,31530,10000,8.47
23617.2,9294.97,31520,10000,8.48
23644.8,9298.25,31510,10000,8.49
23672.4,9301.53,31500,10000,8.5
23700,9304.82,31490,10000,8.51
23727.6,9308.1,31480,10000,8.52
23755.2,9311.39,31470,10000,8.53
23782.8,9314.68,31460,10000,8.54
23810.4,9317.97,31450,10000,8.55
23837.9,9321.26,31440,10000,8.56
23865.5,9324.55,31430,10000,8.57
23893.1,9327.84,31420,10000,8.58
23920.7,9331.14,31410,10000,8.59
23948.3,9334.43,31400,10000,8.6
23975.9,9337.73,31390,10000,8.61
24003.5,9341.03,31380,10000,8.62
24031.1,9344.33,31370,10000,8.63
24058.6,9347.63,31360,10000,8.64
24086.2,9350.93,31350,10000,8.65
24113.8,9354.24,31340,10000,8.66
24141.4,9357.54,31330,10000,8.67
24169,9360.85,31320,10000,8.68
24196.6,9364.16,31310,10000,8.69
24224.2,9367.47,31300,10000,8.7
24251.8,9370.78,31290,10000,8.71
24279.3,9374.09,31280,10000,8.72
24306.9,9377.4,31270,10000,8.73
24334.5,9380.71,31260,10000,8.74
24362.1,9384.03,31250,10000,8.75
24389.7,9387.34,31240,10000,8.76
24417.3,9390.66,31230,10000,8.77
24444.9,9393.98,31220,10000,8.78
24472.4,9397.3,31210,10000,8.79
24500,9400.62,31200,10000,8.8
24527.6,9403.94,31190,10000,8.81
24555.2,9407.26,31180,10000,8.82
24582.8,9410.58,31170,10000,8.83
24610.4,9413.91,31160,10000,8.84
24638,9417.23,31150,10000,8.85
24665.5,9420.56,31140,10000,8.86
24693.1,9423.89,31130,10000,8.87
24720.7,9427.21,31120,10000,8.88
24748.3,9430.54,31110,10000,8.89
24775.9,9433.87,31100,10000,8.9
24803.5,9437.2,31090,10000,8.91
24831,9440.54,31080,10000,8.92
24858.6,9443.87,31070,10000,8.93
24886.2,9447.2,31060,10000,8.94
24913.8,9450.54,31050,10000,8.95
24941.4,9453.87,31040,10000,8.96
24969,9457.21,31030,10000,8.97
24996.6,9460.55,31020,10000,8.98
25024.1,9463.88,31010,10000,8.99
25051.7,9467.22,31000,10000,9
25079.3,9470.56,30990,10000,9.01
25106.9,9473.9,30980,10000,9.02
25134.5,9477.24,30970,10000,9.03
25162.1,9480.59,30960,10000,9.04
25189.6,9483.93,30950,10000,9.05
25217.2,9487.27,30940,10000,9.06
25244.8,9490.62,30930,10000,9.07
25272.4,9493.96,30920,10000,9.08
25300,9497.31,30910,10000,9.09
25327.6,9500.66,30900,10000,9.1
25355.1,9504,30890,10000,9.11
25382.7,9507.35,30880,10000,9.12
25410.3,9510.7,30870,10000,9.13
25437.9,9514.05,30860,10000,9.14
25465.5,9517.4,30850,10000,9.15
25493.1,9520.75,30840,10000,9.16
25520.6,9524.1,30830,10000,9.17
25548.2,9527.46,30820,10000,9.18
25575.8,9530.81,30810,10000,9.19
25603.4,9534.16,30800,10000,9.2
25631,9537.52,30790,10000,9.21
25658.6,9540.87,30780,10000,9.22
25686.1,9544.23,30770,10000,9.23
25713.7,9547.58,30760,10000,9.24
25741.3,9550.94,30750,10000,9.25
25768.9,9554.3,30740,10000,9.26
25796.5,9557.66,30730,10000,9.27
25824,9561.01,30720,10000,9.28
25851.6,9564.37,30710,10000,9.29
25879.2,9567.73,30700,10000,9.3
25906.8,9571.09,30690,10000,9.31
25934.4,9574.45,30680,10000,9.32
25962,9577.81,30670,10000,9.33
25989.5,9581.18,30660,10000,9.34
26017.1,9584.54,30650,10000,9.35
26044.7,9587.9,30640,10000,9.36
26072.3,9591.26,30630,10000,9.37
26099.9,9594.63,30620,10000,9.38
26127.4,9597.99,30610,10000,9.39
26155,9601.36,30600,10000,9.4
26182.6,9604.72,30590,10000,9.41
26210.2,9608.09,30580,10000,9.42
26237.8,9611.45,30570,10000,9.43
26265.4,9614.82,30560,10000,9.44
26292.9,9618.18,30550,10000,9.45
26320.5,9621.55,30540,10000,9.46
26348.1,9624.92,30530,10000,9.47
26375.7,9628.29,30520,10000,9.48
26403.3,9631.66,30510,10000,9.49
26430.8,9635.02,30500,10000,9.5
26458.4,9638.39,30490,10000,9.51
26486,9641.76,30480,10000,9.52
26513.6,9645.13,30470,10000,9.53
26541.2,9648.5,30460,10000,9.54
26568.8,9651.87,30450,10000,9.55
26596.3,9655.24,30440,10000,9.56
26623.9,9658.62,30430,10000,9.57
26651.5,9661.99,30420,10000,9.58
26679.1,9665.36,30410,10000,9.59
26706.7,9668.73,30400,10000,9.6
26734.2,9672.1,30390,10000,9.61
26761.8,9675.48,30380,10000,9.62
26789.4,9678.85,30370,10000,9.63
26817,9682.22,30360,10000,9.64
26844.6,9685.6,30350,10000,9.65
26872.1,9688.97,30340,10000,9.66
26899.7,9692.35,30330,10000,9.67
26927.3,9695.72,30320,10000,9.68
26954.9,9699.09,30310,10000,9.69
26982.5,9702.47,30300,10000,9.7
27010,9705.85,30290,10000,9.71
27037.6,9709.22,30280,10000,9.72
27065.2,9712.6,30270,10000,9.73
27092.8,9715.97,30260,10000,9.74
27120.4,9719.35,30250,10000,9.75
27148,9722.73,30240,10000,9.76
27175.5,9726.1,30230,10000,9.77
27203.1,9729.48,30220,10000,9.78
27230.7,9732.86,30210,10000,9.79
27258.3,9736.23,30200,10000,9.8
27285.9,9739.61,30190,10000,9.81
27313.4,9742.99,30180,10000,9.82
27341,9746.37,30170,10000,9.83
27368.6,9749.74,30160,10000,9.84
27396.2,9753.12,30150,10000,9.85
27423.8,9756.5,30140,10000,9.86
27451.3,9759.88,30130,10000,9.87
27478.9,9763.26,30120,10000,9.88
27506.5,9766.64,30110,10000,9.89
27534.1,9770.02,30100,10000,9.9
27561.7,9773.4,30090,10000,9.91
27589.2,9776.77,30080,10000,9.92
27616.8,9780.15,30070,10000,9.93
27644.4,9783.53,30060,10000,9.94
27672,9786.91,30050,10000,9.95
27699.6,9790.29,30040,10000,9.96
27727.1,9793.67,30030,10000,9.97
27754.7,9797.05,30020,10000,9.98
27782.3,9800.43,30010,10000,9.99
27809.9,9803.81,30000,10000,10
27837.5,9807.19,29990,10000,10.01
27865,9810.57,29980,10000,10.02
27892.6,9813.95,29970,10000,10.03
27920.2,9817.34,29960,10000,10.04
27947.8,9820.72,29950,10000,10.05
27975.4,9824.1,29940,10000,10.06
28002.9,9827.48,29930,10000,10.07
28030.5,9830.86,29920,10000,10.08
28058.1,9834.24,29910,10000,10.09
28085.7,9837.62,29900,10000,10.1
28113.3,9841,29890,10000,10.11
28140.8,9844.38,29880,10000,10.12
28168.4,9847.77,29870,10000,10.13
28196,9851.15,29860,10000,10.14
28223.6,9854.53,29850,10000,10.15
28251.2,9857.91,29840,10000,10.16
28278.7,9861.29,29830,10000,10.17
28306.3,9864.67,29820,10000,10.18
28333.9,9868.05,29810,10000,10.19
28361.5,9871.44,29800,10000,10.2
28389.1,9874.82,29790,10000,10.21
28416.6,9878.2,29780,10000,10.22
28444.2,9881.58,29770,10000,10.23
28471.8,9884.96,29760,10000,10.24
28499.4,9888.35,29750,10000,10.25
28527,9891.73,29740,10000,10.26
28554.5,9895.11,29730,10000,10.27
28582.1,9898.49,29720,10000,10.28
28609.7,9901.87,29710,10000,10.29
28637.3,9905.26,29700,10000,10.3
28664.9,9908.64,29690,10000,10.31
28692.5,9912.02,29680,10000,10.32
28720,9915.4,29670,10000,10.33
28720.6,9915.47,29669.8,10000,10.3302
28721.1,9915.54,29669.6,10000,10.3304
28721.7,9915.61,29669.4,10000,10.3306
28722.2,9915.67,29669.2,10000,10.3308
28722.8,9915.74,29669,10000,10.331
28723.3,9915.81,29668.8,10000,10.3312
28723.9,9915.88,29668.6,10000,10.3314
28724.4,9915.94,29668.4,10000,10.3316
28725,9916.01,29668.2,10000,10.3318
28725.5,9916.08,29668,10000,10.332
28726.1,9916.15,29667.8,10000,10.3322
28726.7,9916.21,29667.6,10000,10.3324
28727.2,9916.28,29667.4,10000,10.3326
28727.8,9916.35,29667.2,10000,10.3328
28728.3,9916.42,29667,10000,10.333
28728.9,9916.48,29666.8,10000,10.3332
28729.4,9916.55,29666.6,10000,10.3334
28730,9916.62,29666.4,10000,10.3336
28730.5,9916.69,29666.2,10000,10.3338
28731.1,9916.75,29666,10000,10.334
28731.6,9916.82,29665.8,10000,10.3342
28732.2,9916.89,29665.6,10000,10.3344
28732.7,9916.96,29665.4,10000,10.3346
28733.3,9917.03,29665.2,10000,10.3348
28733.8,9917.09,29665,10000,10.335
28734.4,9917.16,29664.8,10000,10.3352
28734.9,9917.23,29664.6,10000,10.3354
28735.5,9917.3,29664.4,10000,10.3356
28736,9917.36,29664.2,10000,10.3358
28736.6,9917.43,29664,10000,10.336
28737.1,9917.5,29663.8,10000,10.3362
28737.7,9917.57,29663.6,10000,10.3364
28738.2,9917.63,29663.4,10000,10.3366
28738.8,9917.7,29663.2,10000,10.3368
28739.3,9917.77,29663,10000,10.337
28739.9,9917.84,29662.8,10000,10.3372
28740.4,9917.9,29662.6,10000,10.3374
28741,9917.97,29662.4,10000,10.3376
28741.5,9918.04,29662.2,10000,10.3378
28742.1,9918.11,29662,10000,10.338
28742.6,9918.17,29661.8,10000,10.3382
28743.2,9918.24,29661.6,10000,10.3384
28743.8,9918.31,29661.4,10000,10.3386
28744.3,9918.38,29661.2,10000,10.3388
28744.9,9918.44,29661,10000,10.339
28745.4,9918.51,29660.8,10000,10.3392
28746,9918.58,29660.6,10000,10.3394
28746.5,9918.65,29660.4,10000,10.3396
28747.1,9918.71,29660.2,10000,10.3398
28747.6,9918.78,29660,10000,10.34
28748.2,9918.85,29659.8,10000,10.3402
28748.7,9918.92,29659.6,10000,10.3404
28749.3,9918.98,29659.4,10000,10.3406
28749.8,9919.05,29659.2,10000,10.3408
28750.4,9919.12,29659,10000,10.341
28750.9,9919.19,29658.8,10000,10.3412
28751.5,9919.25,29658.6,10000,10.3414
28752,9919.32,29658.4,10000,10.3416
28752.6,9919.39,29658.2,10000,10.3418
28753.1,9919.46,29658,10000,10.342
28753.7,9919.52,29657.8,10000,10.3422
28754.2,9919.59,29657.6,10000,10.3424
28754.8,9919.66,29657.4,10000,10.3426
28755.3,9919.73,29657.2,10000,10.3428
28755.9,9919.79,29657,10000,10.343
28756.4,9919.86,29656.8,10000,10.3432
28757,9919.93,29656.6,10000,10.3434
28757.5,9920,29656.4,10000,10.3436
28758.1,9920.06,29656.2,10000,10.3438
28758.6,9920.13,29656,10000,10.344
28759.2,9920.2,29655.8,10000,10.3442
28759.7,9920.27,29655.6,10000,10.3444
28760.3,9920.33,29655.4,10000,10.3446
28760.9,9920.4,29655.2,10000,10.3448
28761.4,9920.47,29655,10000,10.345
28762,9920.54,29654.8,10000,10.3452
28762.5,9920.6,29654.6,10000,10.3454
28763.1,9920.67,29654.4,10000,10.3456
28763.6,9920.74,29654.2,10000,10.3458
28764.2,9920.81,29654,10000,10.346
28764.7,9920.87,29653.8,10000,10.3462
28765.3,9920.94,29653.6,10000,10.3464
28765.8,9921.01,29653.4,10000,10.3466
28766.4,9921.08,29653.2,10000,10.3468
28766.9,9921.14,29653,10000,10.347
28767.5,9921.21,29652.8,10000,10.3472
28768,9921.28,29652.6,10000,10.3474
28768.6,9921.35,29652.4,10000,10.3476
28769.1,9921.41,29652.2,10000,10.3478
28769.7,9921.48,29652,10000,10.348
28770.2,9921.55,29651.8,10000,10.3482
28770.8,9921.62,29651.6,10000,10.3484
28771.3,9921.68,29651.4,10000,10.3486
28771.9,9921.75,29651.2,10000,10.3488
28772.4,9921.82,29651,10000,10.349
28773,9921.89,29650.8,10000,10.3492
28773.5,9921.95,29650.6,10000,10.3494
28774.1,9922.02,29650.4,10000,10.3496
28774.6,9922.09,29650.2,10000,10.3498
28775.2,9922.16,29650,10000,10.35
28775.7,9922.22,29649.8,10000,10.3502
28776.3,9922.29,29649.6,10000,10.3504
28776.8,9922.36,29649.4,10000,10.3506
28777.4,9922.43,29649.2,10000,10.3508
28778,9922.49,29649,10000,10.351
28778.5,9922.56,29648.8,10000,10.3512
28779.1,9922.63,29648.6,10000,10.3514
28779.6,9922.7,29648.4,10000,10.3516
28780.2,9922.76,29648.2,10000,10.3518
28780.7,9922.83,29648,10000,10.352
28781.3,9922.9,29647.8,10000,10.3522
28781.8,9922.97,29647.6,10000,10.3524
28782.4,9923.03,29647.4,10000,10.3526
28782.9,9923.1,29647.2,10000,10.3528
28783.5,9923.17,29647,10000,10.353
28784,9923.23,29646.8,10000,10.3532
28784.6,9923.3,29646.6,10000,10.3534
28785.1,9923.37,29646.4,10000,10.3536
28785.7,9923.44,29646.2,10000,10.3538
28786.2,9923.5,29646,10000,10.354
28786.8,9923.57,29645.8,10000,10.3542
28787.3,9923.64,29645.6,10000,10.3544
28787.9,9923.71,29645.4,10000,10.3546
28788.4,9923.77,29645.2,10000,10.3548
28789,9923.84,29645,10000,10.355
28789.5,9923.91,29644.8,10000,10.3552
28790.1,9923.98,29644.6,10000,10.3554
28790.6,9924.04,29644.4,10000,10.3556
28791.2,9924.11,29644.2,10000,10.3558
28791.7,9924.18,29644,10000,10.356
28792.3,9924.25,29643.8,10000,10.3562
28792.8,9924.31,29643.6,10000,10.3564
28793.4,9924.38,29643.4,10000,10.3566
28793.9,9924.45,29643.2,10000,10.3568
28794.5,9924.52,29643,10000,10.357
28795.1,9924.58,29642.8,10000,10.3572
28795.6,9924.65,29642.6,10000,10.3574
28796.2,9924.72,29642.4,10000,10.3576
28796.7,9924.78,29642.2,10000,10.3578
28797.3,9924.85,29642,10000,10.358
28797.8,9924.92,29641.8,10000,10.3582
28798.4,9924.99,29641.6,10000,10.3584
28798.9,9925.05,29641.4,10000,10.3586
28799.5,9925.12,29641.2,10000,10.3588
28800,9925.19,29641,10000,10.359
28800.6,9925.26,29640.8,10000,10.3592
28801.1,9925.32,29640.6,10000,10.3594
28801.7,9925.39,29640.4,10000,10.3596
28802.2,9925.46,29640.2,10000,10.3598
28802.8,9925.53,29640,10000,10.36
28803.3,9925.59,29639.8,10000,10.3602
28803.9,9925.66,29639.6,10000,10.3604
28804.4,9925.73,29639.4,10000,10.3606
28805,9925.8,29639.2,10000,10.3608
28805.5,9925.86,29639,10000,10.361
28806.1,9925.93,29638.8,10000,10.3612
28806.6,9926,29638.6,10000,10.3614
28807.2,9926.06,29638.4,10000,10.3616
28807.7,9926.13,29638.2,10000,10.3618
28808.3,9926.2,29638,10000,10.362
28808.8,9926.27,29637.8,10000,10.3622
28809.4,9926.33,29637.6,10000,10.3624
28809.9,9926.4,29637.4,10000,10.3626
28810.5,9926.47,29637.2,10000,10.3628
28811,9926.54,29637,10000,10.363
28811.6,9926.6,29636.8,10000,10.3632
28812.2,9926.67,29636.6,10000,10.3634
28812.7,9926.74,29636.4,10000,10.3636
28813.3,9926.81,29636.2,10000,10.3638
28813.8,9926.87,29636,10000,10.364
28814.4,9926.94,29635.8,10000,10.3642
28814.9,9927.01,29635.6,10000,10.3644
28815.5,9927.07,29635.4,10000,10.3646
28816,9927.14,29635.2,10000,10.3648
28816.6,9927.21,29635,10000,10.365
28817.1,9927.28,29634.8,10000,10.3652
28817.7,9927.34,29634.6,10000,10.3654
28818.2,9927.41,29634.4,10000,10.3656
28818.8,9927.48,29634.2,10000,10.3658
28819.3,9927.55,29634,10000,10.366
28819.9,9927.61,29633.8,10000,10.3662
28820.4,9927.68,29633.6,10000,10.3664
28821,9927.75,29633.4,10000,10.3666
28821.5,9927.81,29633.2,10000,10.3668
28822.1,9927.88,29633,10000,10.367
28822.6,9927.95,29632.8,10000,10.3672
28823.2,9928.02,29632.6,10000,10.3674
28823.7,9928.08,29632.4,10000,10.3676
28824.3,9928.15,29632.2,10000,10.3678
28824.8,9928.22,29632,10000,10.368
28825.4,9928.29,29631.8,10000,10.3682
28825.9,9928.35,29631.6,10000,10.3684
28826.5,9928.42,29631.4,10000,10.3686
28827,9928.49,29631.2,10000,10.3688
28827.6,9928.55,29631,10000,10.369
28828.1,9928.62,29630.8,10000,10.3692
28828.7,9928.69,29630.6,10000,10.3694
28829.3,9928.76,29630.4,10000,10.3696
28829.8,9928.82,29630.2,10000,10.3698
28830.4,9928.89,29630,10000,10.37
28830.9,9928.96,29629.8,10000,10.3702
28831.5,9929.03,29629.6,10000,10.3704
28832,9929.09,29629.4,10000,10.3706
28832.6,9929.16,29629.2,10000,10.3708
28833.1,9929.23,29629,10000,10.371
28833.7,9929.29,29628.8,10000,10.3712
28834.2,9929.36,29628.6,10000,10.3714
28834.8,9929.43,29628.4,10000,10.3716
28835.3,9929.5,29628.2,10000,10.3718
28835.9,9929.56,29628,10000,10.372
28836.4,9929.63,29627.8,10000,10.3722
28837,9929.7,29627.6,10000,10.3724
28837.5,9929.77,29627.4,10000,10.3726
28838.1,9929.83,29627.2,10000,10.3728
28838.6,9929.9,29627,10000,10.373
28839.2,9929.97,29626.8,10000,10.3732
28839.7,9930.03,29626.6,10000,10.3734
28840.3,9930.1,29626.4,10000,10.3736
28840.8,9930.17,29626.2,10000,10.3738
28841.4,9930.24,29626,10000,10.374
28841.9,9930.3,29625.8,10000,10.3742
28842.5,9930.37,29625.6,10000,10.3744
28843,9930.44,29625.4,10000,10.3746
28843.6,9930.51,29625.2,10000,10.3748
28844.1,9930.57,29625,10000,10.375
28844.7,9930.64,29624.8,10000,10.3752
28845.2,9930.71,29624.6,10000,10.3754
28845.8,9930.77,29624.4,10000,10.3756
28846.4,9930.84,29624.2,10000,10.3758
28846.9,9930.91,29624,10000,10.376
28847.5,9930.98,29623.8,10000,10.3762
28848,9931.04,29623.6,10000,10.3764
28848.6,9931.11,29623.4,10000,10.3766
28849.1,9931.18,29623.2,10000,10.3768
28849.7,9931.24,29623,10000,10.377
28850.2,9931.31,29622.8,10000,10.3772
28850.8,9931.38,29622.6,10000,10.3774
28851.3,9931.45,29622.4,10000,10.3776
28851.9,9931.51,29622.2,10000,10.3778
28852.4,9931.58,29622,10000,10.378
28853,9931.65,29621.8,10000,10.3782
28853.5,9931.72,29621.6,10000,10.3784
28854.1,9931.78,29621.4,10000,10.3786
28854.6,9931.85,29621.2,10000,10.3788
28855.2,9931.92,29621,10000,10.379
28855.7,9931.98,29620.8,10000,10.3792
28856.3,9932.05,29620.6,10000,10.3794
28856.8,9932.12,29620.4,10000,10.3796
28857.4,9932.19,29620.2,10000,10.3798
28857.9,9932.25,29620,10000,10.38
28858.5,9932.32,29619.8,10000,10.3802
28859,9932.39,29619.6,10000,10.3804
28859.6,9932.45,29619.4,10000,10.3806
28860.1,9932.52,29619.2,10000,10.3808
28860.7,9932.59,29619,10000,10.381
28861.2,9932.66,29618.8,10000,10.3812
28861.8,9932.72,29618.6,10000,10.3814
28862.4,9932.79,29618.4,10000,10.3816
28862.9,9932.86,29618.2,10000,10.3818
28863.5,9932.92,29618,10000,10.382
28864,9932.99,29617.8,10000,10.3822
28864.6,9933.06,29617.6,10000,10.3824
28865.1,9933.13,29617.4,10000,10.3826
28865.7,9933.19,29617.2,10000,10.3828
28866.2,9933.26,29617,10000,10.383
28866.8,9933.33,29616.8,10000,10.3832
28867.3,9933.4,29616.6,10000,10.3834
28867.9,9933.46,29616.4,10000,10.3836
28868.4,9933.53,29616.2,10000,10.3838
28869,9933.6,29616,10000,10.384
28869.5,9933.66,29615.8,10000,10.3842
28870.1,9933.73,29615.6,10000,10.3844
28870.6,9933.8,29615.4,10000,10.3846
28871.2,9933.87,29615.2,10000,10.3848
28871.7,9933.93,29615,10000,10.385
28872.3,9934,29614.8,10000,10.3852
28872.8,9934.07,29614.6,10000,10.3854
28873.4,9934.13,29614.4,10000,10.3856
28873.9,9934.2,29614.2,10000,10.3858
28874.5,9934.27,29614,10000,10.386
28875,9934.34,29613.8,10000,10.3862
28875.6,9934.4,29613.6,10000,10.3864
28876.1,9934.47,29613.4,10000,10.3866
28876.7,9934.54,29613.2,10000,10.3868
28877.2,9934.6,29613,10000,10.387
28877.8,9934.67,29612.8,10000,10.3872
28878.3,9934.74,29612.6,10000,10.3874
28878.9,9934.81,29612.4,10000,10.3876
28879.5,9934.87,29612.2,10000,10.3878
28880,9934.94,29612,10000,10.388
28880.6,9935.01,29611.8,10000,10.3882
28881.1,9935.07,29611.6,10000,10.3884
28881.7,9935.14,29611.4,10000,10.3886
28882.2,9935.21,29611.2,10000,10.3888
28882.8,9935.28,29611,10000,10.389
28883.3,9935.34,29610.8,10000,10.3892
28883.9,9935.41,29610.6,10000,10.3894
28884.4,9935.48,29610.4,10000,10.3896
28885,9935.54,29610.2,10000,10.3898
28885.5,9935.61,29610,10000,10.39
28886.1,9935.68,29609.8,10000,10.3902
28886.6,9935.75,29609.6,10000,10.3904
28887.2,9935.81,29609.4,10000,10.3906
28887.7,9935.88,29609.2,10000,10.3908
28888.3,9935.95,29609,10000,10.391
28888.8,9936.01,29608.8,10000,10.3912
28889.4,9936.08,29608.6,10000,10.3914
28889.9,9936.15,29608.4,10000,10.3916
28890.5,9936.22,29608.2,10000,10.3918
28891,9936.28,29608,10000,10.392
28891.6,9936.35,29607.8,10000,10.3922
28892.1,9936.42,29607.6,10000,10.3924
28892.7,9936.48,29607.4,10000,10.3926
28893.2,9936.55,29607.2,10000,10.3928
28893.8,9936.62,29607,10000,10.393
28894.3,9936.69,29606.8,10000,10.3932
28894.9,9936.75,29606.6,10000,10.3934
28895.4,9936.82,29606.4,10000,10.3936
28896,9936.89,29606.2,10000,10.3938
28896.6,9936.95,29606,10000,10.394
28897.1,9937.02,29605.8,10000,10.3942
28897.7,9937.09,29605.6,10000,10.3944
28898.2,9937.15,29605.4,10000,10.3946
28898.8,9937.22,29605.2,10000,10.3948
28899.3,9937.29,29605,10000,10.395
28899.9,9937.36,29604.8,10000,10.3952
28900.4,9937.42,29604.6,10000,10.3954
28901,9937.49,29604.4,10000,10.3956
28901.5,9937.56,29604.2,10000,10.3958
28902.1,9937.62,29604,10000,10.396
28902.6,9937.69,29603.8,10000,10.3962
28903.2,9937.76,29603.6,10000,10.3964
28903.7,9937.83,29603.4,10000,10.3966
28904.3,9937.89,29603.2,10000,10.3968
28904.8,9937.96,29603,10000,10.397
28905.4,9938.03,29602.8,10000,10.3972
28905.9,9938.09,29602.6,10000,10.3974
28906.5,9938.16,29602.4,10000,10.3976
28907,9938.23,29602.2,10000,10.3978
28907.6,9938.3,29602,10000,10.398
28908.1,9938.36,29601.8,10000,10.3982
28908.7,9938.43,29601.6,10000,10.3984
28909.2,9938.5,29601.4,10000,10.3986
28909.8,9938.56,29601.2,10000,10.3988
28910.3,9938.63,29601,10000,10.399
28910.9,9938.7,29600.8,10000,10.3992
28911.4,9938.76,29600.6,10000,10.3994
28912,9938.83,29600.4,10000,10.3996
28912.6,9938.9,29600.2,10000,10.3998
28913.1,9938.97,29600,10000,10.4
28913.7,9939.03,29599.8,10000,10.4002
28914.2,9939.1,29599.6,10000,10.4004
28914.8,9939.17,29599.4,10000,10.4006
28915.3,9939.23,29599.2,10000,10.4008
28915.9,9939.3,29599,10000,10.401
28916.4,9939.37,29598.8,10000,10.4012
28917,9939.44,29598.6,10000,10.4014
28917.5,9939.5,29598.4,10000,10.4016
28918.1,9939.57,29598.2,10000,10.4018
28918.6,9939.64,29598,10000,10.402
28919.2,9939.7,29597.8,10000,10.4022
28919.7,9939.77,29597.6,10000,10.4024
28920.3,9939.84,29597.4,10000,10.4026
28920.8,9939.9,29597.2,10000,10.4028
28921.4,9939.97,29597,10000,10.403
28921.9,9940.04,29596.8,10000,10.4032
28922.5,9940.11,29596.6,10000,10.4034
28923,9940.17,29596.4,10000,10.4036
28923.6,9940.24,29596.2,10000,10.4038
28924.1,9940.31,29596,10000,10.404
28924.7,9940.37,29595.8,10000,10.4042
28925.2,9940.44,29595.6,10000,10.4044
28925.8,9940.51,29595.4,10000,10.4046
28926.3,9940.58,29595.2,10000,10.4048
28926.9,9940.64,29595,10000,10.405
28927.4,9940.71,29594.8,10000,10.4052
28928,9940.78,29594.6,10000,10.4054
28928.5,9940.84,29594.4,10000,10.4056
28929.1,9940.91,29594.2,10000,10.4058
28929.7,9940.98,29594,10000,10.406
28930.2,9941.04,29593.8,10000,10.4062
28930.8,9941.11,29593.6,10000,10.4064
28931.3,9941.18,29593.4,10000,10.4066
28931.9,9941.25,29593.2,10000,10.4068
28932.4,9941.31,29593,10000,10.407
28933,9941.38,29592.8,10000,10.4072
28933.5,9941.45,29592.6,10000,10.4074
28934.1,9941.51,29592.4,10000,10.4076
28934.6,9941.58,29592.2,10000,10.4078
28935.2,9941.65,29592,10000,10.408
28935.7,9941.71,29591.8,10000,10.4082
28936.3,9941.78,29591.6,10000,10.4084
28936.8,9941.85,29591.4,10000,10.4086
28937.4,9941.92,29591.2,10000,10.4088
28937.9,9941.98,29591,10000,10.409
28938.5,9942.05,29590.8,10000,10.4092
28939,9942.12,29590.6,10000,10.4094
28939.6,9942.18,29590.4,10000,10.4096
28940.1,9942.25,29590.2,10000,10.4098
28940.7,9942.32,29590,10000,10.41
28941.2,9942.39,29589.8,10000,10.4102
28941.8,9942.45,29589.6,10000,10.4104
28942.3,9942.52,29589.4,10000,10.4106
28942.9,9942.59,29589.2,10000,10.4108
28943.4,9942.65,29589,10000,10.411
28944,9942.72,29588.8,10000,10.4112
28944.5,9942.79,29588.6,10000,10.4114
28945.1,9942.85,29588.4,10000,10.4116
28945.6,9942.92,29588.2,10000,10.4118
28946.2,9942.99,29588,10000,10.412
28946.8,9943.06,29587.8,10000,10.4122
28947.3,9943.12,29587.6,10000,10.4124
28947.9,9943.19,29587.4,10000,10.4126
28948.4,9943.26,29587.2,10000,10.4128
28949,9943.32,29587,10000,10.413
28949.5,9943.39,29586.8,10000,10.4132
28950.1,9943.46,29586.6,10000,10.4134
28950.6,9943.52,29586.4,10000,10.4136
28951.2,9943.59,29586.2,10000,10.4138
28951.7,9943.66,29586,10000,10.414
28952.3,9943.73,29585.8,10000,10.4142
28952.8,9943.79,29585.6,10000,10.4144
28953.4,9943.86,29585.4,10000,10.4146
28953.9,9943.93,29585.2,10000,10.4148
28954.5,9943.99,29585,10000,10.415
28955,9944.06,29584.8,10000,10.4152
28955.6,9944.13,29584.6,10000,10.4154
28956.1,9944.19,29584.4,10000,10.4156
28956.7,9944.26,29584.2,10000,10.4158
28957.2,9944.33,29584,10000,10.416
28957.8,9944.4,29583.8,10000,10.4162
28958.3,9944.46,29583.6,10000,10.4164
28958.9,9944.53,29583.4,10000,10.4166
28959.4,9944.6,29583.2,10000,10.4168
28960,9944.66,29583,10000,10.417
28960.5,9944.73,29582.8,10000,10.4172
28961.1,9944.8,29582.6,10000,10.4174
28961.6,9944.86,29582.4,10000,10.4176
28962.2,9944.93,29582.2,10000,10.4178
28962.8,9945,29582,10000,10.418
28963.3,9945.06,29581.8,10000,10.4182
28963.9,9945.13,29581.6,10000,10.4184
28964.4,9945.2,29581.4,10000,10.4186
28965,9945.27,29581.2,10000,10.4188
28965.5,9945.33,29581,10000,10.419
28966.1,9945.4,29580.8,10000,10.4192
28966.6,9945.47,29580.6,10000,10.4194
28967.2,9945.53,29580.4,10000,10.4196
28967.7,9945.6,29580.2,10000,10.4198
28968.3,9945.67,29580,10000,10.42
28968.8,9945.73,29579.8,10000,10.4202
28969.4,9945.8,29579.6,10000,10.4204
28969.9,9945.87,29579.4,10000,10.4206
28970.5,9945.94,29579.2,10000,10.4208
28971,9946,29579,10000,10.421
28971.6,9946.07,29578.8,10000,10.4212
28972.1,9946.14,29578.6,10000,10.4214
28972.7,9946.2,29578.4,10000,10.4216
28973.2,9946.27,29578.2,10000,10.4218
28973.8,9946.34,29578,10000,10.422
28974.3,9946.4,29577.8,10000,10.4222
28974.9,9946.47,29577.6,10000,10.4224
28975.4,9946.54,29577.4,10000,10.4226
28976,9946.61,29577.2,10000,10.4228
28976.5,9946.67,29577,10000,10.423
28977.1,9946.74,29576.8,10000,10.4232
28977.6,9946.81,29576.6,10000,10.4234
28978.2,9946.87,29576.4,10000,10.4236
28978.7,9946.94,29576.2,10000,10.4238
28979.3,9947.01,29576,10000,10.424
28979.9,9947.07,29575.8,10000,10.4242
28980.4,9947.14,29575.6,10000,10.4244
28981,9947.21,29575.4,10000,10.4246
28981.5,9947.27,29575.2,10000,10.4248
28982.1,9947.34,29575,10000,10.425
28982.6,9947.41,29574.8,10000,10.4252
28983.2,9947.48,29574.6,10000,10.4254
28983.7,9947.54,29574.4,10000,10.4256
28984.3,9947.61,29574.2,10000,10.4258
28984.8,9947.68,29574,10000,10.426
28985.4,9947.74,29573.8,10000,10.4262
28985.9,9947.81,29573.6,10000,10.4264
28986.5,9947.88,29573.4,10000,10.4266
28987,9947.94,29573.2,10000,10.4268
28987.6,9948.01,29573,10000,10.427
28988.1,9948.08,29572.8,10000,10.4272
28988.7,9948.14,29572.6,10000,10.4274
28989.2,9948.21,29572.4,10000,10.4276
28989.8,9948.28,29572.2,10000,10.4278
28990.3,9948.35,29572,10000,10.428
28990.9,9948.41,29571.8,10000,10.4282
28991.4,9948.48,29571.6,10000,10.4284
28992,9948.55,29571.4,10000,10.4286
28992.5,9948.61,29571.2,10000,10.4288
28993.1,9948.68,29571,10000,10.429
28993.6,9948.75,29570.8,10000,10.4292
28994.2,9948.81,29570.6,10000,10.4294
28994.7,9948.88,29570.4,10000,10.4296
28995.3,9948.95,29570.2,10000,10.4298
28995.9,9949.01,29570,10000,10.43
28996.4,9949.08,29569.8,10000,10.4302
28997,9949.15,29569.6,10000,10.4304
28997.5,9949.22,29569.4,10000,10.4306
28998.1,9949.28,29569.2,10000,10.4308
28998.6,9949.35,29569,10000,10.431
28999.2,9949.42,29568.8,10000,10.4312
28999.7,9949.48,29568.6,10000,10.4314
29000.3,9949.55,29568.4,10000,10.4316
29000.8,9949.62,29568.2,10000,10.4318
29001.4,9949.68,29568,10000,10.432
29001.9,9949.75,29567.8,10000,10.4322
29002.5,9949.82,29567.6,10000,10.4324
29003,9949.88,29567.4,10000,10.4326
29003.6,9949.95,29567.2,10000,10.4328
29004.1,9950.02,29567,10000,10.433
29004.7,9950.09,29566.8,10000,10.4332
29005.2,9950.15,29566.6,10000,10.4334
29005.8,9950.22,29566.4,10000,10.4336
29006.3,9950.29,29566.2,10000,10.4338
29006.9,9950.35,29566,10000,10.434
29007.4,9950.42,29565.8,10000,10.4342
29008,9950.49,29565.6,10000,10.4344
29008.5,9950.55,29565.4,10000,10.4346
29009.1,9950.62,29565.2,10000,10.4348
29009.6,9950.69,29565,10000,10.435
29010.2,9950.75,29564.8,10000,10.4352
29010.7,9950.82,29564.6,10000,10.4354
29011.3,9950.89,29564.4,10000,10.4356
29011.8,9950.96,29564.2,10000,10.4358
29012.4,9951.02,29564,10000,10.436
29013,9951.09,29563.8,10000,10.4362
29013.5,9951.16,29563.6,10000,10.4364
29014.1,9951.22,29563.4,10000,10.4366
29014.6,9951.29,29563.2,10000,10.4368
29015.2,9951.36,29563,10000,10.437
29015.7,9951.42,29562.8,10000,10.4372
29016.3,9951.49,29562.6,10000,10.4374
29016.8,9951.56,29562.4,10000,10.4376
29017.4,9951.62,29562.2,10000,10.4378
29017.9,9951.69,29562,10000,10.438
29018.5,9951.76,29561.8,10000,10.4382
29019,9951.83,29561.6,10000,10.4384
29019.6,9951.89,29561.4,10000,10.4386
29020.1,9951.96,29561.2,10000,10.4388
29020.7,9952.03,29561,10000,10.439
29021.2,9952.09,29560.8,10000,10.4392
29021.8,9952.16,29560.6,10000,10.4394
29022.3,9952.23,29560.4,10000,10.4396
29022.9,9952.29,29560.2,10000,10.4398
29023.4,9952.36,29560,10000,10.44
29024,9952.43,29559.8,10000,10.4402
29024.5,9952.49,29559.6,10000,10.4404
29025.1,9952.56,29559.4,10000,10.4406
29025.6,9952.63,29559.2,10000,10.4408
29026.2,9952.69,29559,10000,10.441
29026.7,9952.76,29558.8,10000,10.4412
29027.3,9952.83,29558.6,10000,10.4414
29027.8,9952.9,29558.4,10000,10.4416
29028.4,9952.96,29558.2,10000,10.4418
29029,9953.03,29558,10000,10.442
29029.5,9953.1,29557.8,10000,10.4422
29030.1,9953.16,29557.6,10000,10.4424
29030.6,9953.23,29557.4,10000,10.4426
29031.2,9953.3,29557.2,10000,10.4428
29031.7,9953.36,29557,10000,10.443
29032.3,9953.43,29556.8,10000,10.4432
29032.8,9953.5,29556.6,10000,10.4434
29033.4,9953.56,29556.4,10000,10.4436
29033.9,9953.63,29556.2,10000,10.4438
29034.5,9953.7,29556,10000,10.444
29035,9953.76,29555.8,10000,10.4442
29035.6,9953.83,29555.6,10000,10.4444
29036.1,9953.9,29555.4,10000,10.4446
29036.7,9953.97,29555.2,10000,10.4448
29037.2,9954.03,29555,10000,10.445
29037.8,9954.1,29554.8,10000,10.4452
29038.3,9954.17,29554.6,10000,10.4454
29038.9,9954.23,29554.4,10000,10.4456
29039.4,9954.3,29554.2,10000,10.4458
29040,9954.37,29554,10000,10.446
29040.5,9954.43,29553.8,10000,10.4462
29041.1,9954.5,29553.6,10000,10.4464
29041.6,9954.57,29553.4,10000,10.4466
29042.2,9954.63,29553.2,10000,10.4468
29042.7,9954.7,29553,10000,10.447
29043.3,9954.77,29552.8,10000,10.4472
29043.8,9954.83,29552.6,10000,10.4474
29044.4,9954.9,29552.4,10000,10.4476
29044.9,9954.97,29552.2,10000,10.4478
29045.5,9955.04,29552,10000,10.448
29046.1,9955.1,29551.8,10000,10.4482
29046.6,9955.17,29551.6,10000,10.4484
29047.2,9955.24,29551.4,10000,10.4486
29047.7,9955.3,29551.2,10000,10.4488
29048.3,9955.37,29551,10000,10.449
29048.8,9955.44,29550.8,10000,10.4492
29049.4,9955.5,29550.6,10000,10.4494
29049.9,9955.57,29550.4,10000,10.4496
29050.5,9955.64,29550.2,10000,10.4498
29051,9955.7,29550,10000,10.45
29051.6,9955.77,29549.8,10000,10.4502
29052.1,9955.84,29549.6,10000,10.4504
29052.7,9955.9,29549.4,10000,10.4506
29053.2,9955.97,29549.2,10000,10.4508
29053.8,9956.04,29549,10000,10.451
29054.3,9956.1,29548.8,10000,10.4512
29054.9,9956.17,29548.6,10000,10.4514
29055.4,9956.24,29548.4,10000,10.4516
29056,9956.31,29548.2,10000,10.4518
29056.5,9956.37,29548,10000,10.452
29057.1,9956.44,29547.8,10000,10.4522
29057.6,9956.51,29547.6,10000,10.4524
29058.2,9956.57,29547.4,10000,10.4526
29058.7,9956.64,29547.2,10000,10.4528
29059.3,9956.71,29547,10000,10.453
29059.8,9956.77,29546.8,10000,10.4532
29060.4,9956.84,29546.6,10000,10.4534
29060.9,9956.91,29546.4,10000,10.4536
29061.5,9956.97,29546.2,10000,10.4538
29062.1,9957.04,29546,10000,10.454
29062.6,9957.11,29545.8,10000,10.4542
29063.2,9957.17,29545.6,10000,10.4544
29063.7,9957.24,29545.4,10000,10.4546
29064.3,9957.31,29545.2,10000,10.4548
29064.8,9957.37,29545,10000,10.455
29065.4,9957.44,29544.8,10000,10.4552
29065.9,9957.51,29544.6,10000,10.4554
29066.5,9957.58,29544.4,10000,10.4556
29067,9957.64,29544.2,10000,10.4558
29067.6,9957.71,29544,10000,10.456
29068.1,9957.78,29543.8,10000,10.4562
29068.7,9957.84,29543.6,10000,10.4564
29069.2,9957.91,29543.4,10000,10.4566
29069.8,9957.98,29543.2,10000,10.4568
29070.3,9958.04,29543,10000,10.457
29070.9,9958.11,29542.8,10000,10.4572
29071.4,9958.18,29542.6,10000,10.4574
29072,9958.24,29542.4,10000,10.4576
29072.5,9958.31,29542.2,10000,10.4578
29073.1,9958.38,29542,10000,10.458
29073.6,9958.44,29541.8,10000,10.4582
29074.2,9958.51,29541.6,10000,10.4584
29074.7,9958.58,29541.4,10000,10.4586
29075.3,9958.64,29541.2,10000,10.4588
29075.8,9958.71,29541,10000,10.459
29076.4,9958.78,29540.8,10000,10.4592
29076.9,9958.85,29540.6,10000,10.4594
29077.5,9958.91,29540.4,10000,10.4596
29078.1,9958.98,29540.2,10000,10.4598
29078.6,9959.05,29540,10000,10.46
29079.2,9959.11,29539.8,10000,10.4602
29079.7,9959.18,29539.6,10000,10.4604
29080.3,9959.25,29539.4,10000,10.4606
29080.8,9959.31,29539.2,10000,10.4608
29081.4,9959.38,29539,10000,10.461
29081.9,9959.45,29538.8,10000,10.4612
29082.5,9959.51,29538.6,10000,10.4614
29083,9959.58,29538.4,10000,10.4616
29083.6,9959.65,29538.2,10000,10.4618
29084.1,9959.71,29538,10000,10.462
29084.7,9959.78,29537.8,10000,10.4622
29085.2,9959.85,29537.6,10000,10.4624
29085.8,9959.91,29537.4,10000,10.4626
29086.3,9959.98,29537.2,10000,10.4628
29086.9,9960.05,29537,10000,10.463
29087.4,9960.12,29536.8,10000,10.4632
29088,9960.18,29536.6,10000,10.4634
29088.5,9960.25,29536.4,10000,10.4636
29089.1,9960.32,29536.2,10000,10.4638
29089.6,9960.38,29536,10000,10.464
29090.2,9960.45,29535.8,10000,10.4642
29090.7,9960.52,29535.6,10000,10.4644
29091.3,9960.58,29535.4,10000,10.4646
29091.8,9960.65,29535.2,10000,10.4648
29092.4,9960.72,29535,10000,10.465
29092.9,9960.78,29534.8,10000,10.4652
29093.5,9960.85,29534.6,10000,10.4654
29094,9960.92,29534.4,10000,10.4656
29094.6,9960.98,29534.2,10000,10.4658
29095.2,9961.05,29534,10000,10.466
29095.7,9961.12,29533.8,10000,10.4662
29096.3,9961.18,29533.6,10000,10.4664
29096.8,9961.25,29533.4,10000,10.4666
29097.4,9961.32,29533.2,10000,10.4668
29097.9,9961.38,29533,10000,10.467
29098.5,9961.45,29532.8,10000,10.4672
29099,9961.52,29532.6,10000,10.4674
29099.6,9961.58,29532.4,10000,10.4676
29100.1,9961.65,29532.2,10000,10.4678
29100.7,9961.72,29532,10000,10.468
29101.2,9961.79,29531.8,10000,10.4682
29101.8,9961.85,29531.6,10000,10.4684
29102.3,9961.92,29531.4,10000,10.4686
29102.9,9961.99,29531.2,10000,10.4688
29103.4,9962.05,29531,10000,10.469
29104,9962.12,29530.8,10000,10.4692
29104.5,9962.19,29530.6,10000,10.4694
29105.1,9962.25,29530.4,10000,10.4696
29105.6,9962.32,29530.2,10000,10.4698
29106.2,9962.39,29530,10000,10.47
29106.7,9962.45,29529.8,10000,10.4702
29107.3,9962.52,29529.6,10000,10.4704
29107.8,9962.59,29529.4,10000,10.4706
29108.4,9962.65,29529.2,10000,10.4708
29108.9,9962.72,29529,10000,10.471
29109.5,9962.79,29528.8,10000,10.4712
29110,9962.85,29528.6,10000,10.4714
29110.6,9962.92,29528.4,10000,10.4716
29111.2,9962.99,29528.2,10000,10.4718
29111.7,9963.05,29528,10000,10.472
29112.3,9963.12,29527.8,10000,10.4722
29112.8,9963.19,29527.6,10000,10.4724
29113.4,9963.26,29527.4,10000,10.4726
29113.9,9963.32,29527.2,10000,10.4728
29114.5,9963.39,29527,10000,10.473
29115,9963.46,29526.8,10000,10.4732
29115.6,9963.52,29526.6,10000,10.4734
29116.1,9963.59,29526.4,10000,10.4736
29116.7,9963.66,29526.2,10000,10.4738
29117.2,9963.72,29526,10000,10.474
29117.8,9963.79,29525.8,10000,10.4742
29118.3,9963.86,29525.6,10000,10.4744
29118.9,9963.92,29525.4,10000,10.4746
29119.4,9963.99,29525.2,10000,10.4748
29120,9964.06,29525,10000,10.475
29120.5,9964.12,29524.8,10000,10.4752
29121.1,9964.19,29524.6,10000,10.4754
29121.6,9964.26,29524.4,10000,10.4756
29122.2,9964.32,29524.2,10000,10.4758
29122.7,9964.39,29524,10000,10.476
29123.3,9964.46,29523.8,10000,10.4762
29123.8,9964.52,29523.6,10000,10.4764
29124.4,9964.59,29523.4,10000,10.4766
29124.9,9964.66,29523.2,10000,10.4768
29125.5,9964.72,29523,10000,10.477
29126,9964.79,29522.8,10000,10.4772
29126.6,9964.86,29522.6,10000,10.4774
29127.1,9964.92,29522.4,10000,10.4776
29127.7,9964.99,29522.2,10000,10.4778
29128.3,9965.06,29522,10000,10.478
29128.8,9965.13,29521.8,10000,10.4782
29129.4,9965.19,29521.6,10000,10.4784
29129.9,9965.26,29521.4,10000,10.4786
29130.5,9965.33,29521.2,10000,10.4788
29131,9965.39,29521,10000,10.479
29131.6,9965.46,29520.8,10000,10.4792
29132.1,9965.53,29520.6,10000,10.4794
29132.7,9965.59,29520.4,10000,10.4796
29133.2,9965.66,29520.2,10000,10.4798
29133.8,9965.73,29520,10000,10.48
29134.3,9965.79,29519.8,10000,10.4802
29134.9,9965.86,29519.6,10000,10.4804
29135.4,9965.93,29519.4,10000,10.4806
29136,9965.99,29519.2,10000,10.4808
29136.5,9966.06,29519,10000,10.481
29137.1,9966.13,29518.8,10000,10.4812
29137.6,9966.19,29518.6,10000,10.4814
29138.2,9966.26,29518.4,10000,10.4816
29138.7,9966.33,29518.2,10000,10.4818
29139.3,9966.39,29518,10000,10.482
29139.8,9966.46,29517.8,10000,10.4822
29140.4,9966.53,29517.6,10000,10.4824
29140.9,9966.59,29517.4,10000,10.4826
29141.5,9966.66,29517.2,10000,10.4828
29142,9966.73,29517,10000,10.483
29142.6,9966.79,29516.8,10000,10.4832
29143.1,9966.86,29516.6,10000,10.4834
29143.7,9966.93,29516.4,10000,10.4836
29144.3,9967,29516.2,10000,10.4838
29144.8,9967.06,29516,10000,10.484
29145.4,9967.13,29515.8,10000,10.4842
29145.9,9967.2,29515.6,10000,10.4844
29146.5,9967.26,29515.4,10000,10.4846
29147,9967.33,29515.2,10000,10.4848
29147.6,9967.4,29515,10000,10.485
29148.1,9967.46,29514.8,10000,10.4852
29148.7,9967.53,29514.6,10000,10.4854
29149.2,9967.6,29514.4,10000,10.4856
29149.8,9967.66,29514.2,10000,10.4858
29150.3,9967.73,29514,10000,10.486
29150.9,9967.8,29513.8,10000,10.4862
29151.4,9967.86,29513.6,10000,10.4864
29152,9967.93,29513.4,10000,10.4866
29152.5,9968,29513.2,10000,10.4868
29153.1,9968.06,29513,10000,10.487
29153.6,9968.13,29512.8,10000,10.4872
29154.2,9968.2,29512.6,10000,10.4874
29154.7,9968.26,29512.4,10000,10.4876
29155.3,9968.33,29512.2,10000,10.4878
29155.8,9968.4,29512,10000,10.488
29156.4,9968.46,29511.8,10000,10.4882
29156.9,9968.53,29511.6,10000,10.4884
29157.5,9968.6,29511.4,10000,10.4886
29158,9968.66,29511.2,10000,10.4888
29158.6,9968.73,29511,10000,10.489
29159.1,9968.8,29510.8,10000,10.4892
29159.7,9968.86,29510.6,10000,10.4894
29160.3,9968.93,29510.4,10000,10.4896
29160.8,9969,29510.2,10000,10.4898
29161.4,9969.07,29510,10000,10.49
29161.9,9969.13,29509.8,10000,10.4902
29162.5,9969.2,29509.6,10000,10.4904
29163,9969.27,29509.4,10000,10.4906
29163.6,9969.33,29509.2,10000,10.4908
29164.1,9969.4,29509,10000,10.491
29164.7,9969.47,29508.8,10000,10.4912
29165.2,9969.53,29508.6,10000,10.4914
29165.8,9969.6,29508.4,10000,10.4916
29166.3,9969.67,29508.2,10000,10.4918
29166.9,9969.73,29508,10000,10.492
29167.4,9969.8,29507.8,10000,10.4922
29168,9969.87,29507.6,10000,10.4924
29168.5,9969.93,29507.4,10000,10.4926
29169.1,9970,29507.2,10000,10.4928
29169.6,9970.07,29507,10000,10.493
29170.2,9970.13,29506.8,10000,10.4932
29170.7,9970.2,29506.6,10000,10.4934
29171.3,9970.27,29506.4,10000,10.4936
29171.8,9970.33,29506.2,10000,10.4938
29172.4,9970.4,29506,10000,10.494
29172.9,9970.47,29505.8,10000,10.4942
29173.5,9970.53,29505.6,10000,10.4944
29174,9970.6,29505.4,10000,10.4946
29174.6,9970.67,29505.2,10000,10.4948
29175.1,9970.73,29505,10000,10.495
29175.7,9970.8,29504.8,10000,10.4952
29176.2,9970.87,29504.6,10000,10.4954
29176.8,9970.93,29504.4,10000,10.4956
29177.4,9971,29504.2,10000,10.4958
29177.9,9971.07,29504,10000,10.496
29178.5,9971.13,29503.8,10000,10.4962
29179,9971.2,29503.6,10000,10.4964
29179.6,9971.27,29503.4,10000,10.4966
29180.1,9971.34,29503.2,10000,10.4968
29180.7,9971.4,29503,10000,10.497
29181.2,9971.47,29502.8,10000,10.4972
29181.8,9971.54,29502.6,10000,10.4974
29182.3,9971.6,29502.4,10000,10.4976
29182.9,9971.67,29502.2,10000,10.4978
29183.4,9971.74,29502,10000,10.498
29184,9971.8,29501.8,10000,10.4982
29184.5,9971.87,29501.6,10000,10.4984
29185.1,9971.94,29501.4,10000,10.4986
29185.6,9972,29501.2,10000,10.4988
29186.2,9972.07,29501,10000,10.499
29186.7,9972.14,29500.8,10000,10.4992
29187.3,9972.2,29500.6,10000,10.4994
29187.8,9972.27,29500.4,10000,10.4996
29188.4,9972.34,29500.2,10000,10.4998
29188.9,9972.4,29500,10000,10.5
29189.5,9972.47,29499.8,10000,10.5002
29190,9972.54,29499.6,10000,10.5004
29190.6,9972.6,29499.4,10000,10.5006
29191.1,9972.67,29499.2,10000,10.5008
29191.7,9972.74,29499,10000,10.501
29192.2,9972.8,29498.8,10000,10.5012
29192.8,9972.87,29498.6,10000,10.5014
29193.4,9972.94,29498.4,10000,10.5016
29193.9,9973,29498.2,10000,10.5018
29194.5,9973.07,29498,10000,10.502
29195,9973.14,29497.8,10000,10.5022
29195.6,9973.2,29497.6,10000,10.5024
29196.1,9973.27,29497.4,10000,10.5026
29196.7,9973.34,29497.2,10000,10.5028
29197.2,9973.4,29497,10000,10.503
29197.8,9973.47,29496.8,10000,10.5032
29198.3,9973.54,29496.6,10000,10.5034
29198.9,9973.6,29496.4,10000,10.5036
29199.4,9973.67,29496.2,10000,10.5038
29200,9973.74,29496,10000,10.504
29200.5,9973.8,29495.8,10000,10.5042
29201.1,9973.87,29495.6,10000,10.5044
29201.6,9973.94,29495.4,10000,10.5046
29202.2,9974.01,29495.2,10000,10.5048
29202.7,9974.07,29495,10000,10.505
29203.3,9974.14,29494.8,10000,10.5052
29203.8,9974.21,29494.6,10000,10.5054
29204.4,9974.27,29494.4,10000,10.5056
29204.9,9974.34,29494.2,10000,10.5058
29205.5,9974.41,29494,10000,10.506
29206,9974.47,29493.8,10000,10.5062
29206.6,9974.54,29493.6,10000,10.5064
29207.1,9974.61,29493.4,10000,10.5066
29207.7,9974.67,29493.2,10000,10.5068
29208.2,9974.74,29493,10000,10.507
29208.8,9974.81,29492.8,10000,10.5072
29209.4,9974.87,29492.6,10000,10.5074
29209.9,9974.94,29492.4,10000,10.5076
29210.5,9975.01,29492.2,10000,10.5078
29211,9975.07,29492,10000,10.508
29211.6,9975.14,29491.8,10000,10.5082
29212.1,9975.21,29491.6,10000,10.5084
29212.7,9975.27,29491.4,10000,10.5086
29213.2,9975.34,29491.2,10000,10.5088
29213.8,9975.41,29491,10000,10.509
29214.3,9975.47,29490.8,10000,10.5092
29214.9,9975.54,29490.6,10000,10.5094
29215.4,9975.61,29490.4,10000,10.5096
29216,9975.67,29490.2,10000,10.5098
29216.5,9975.74,29490,10000,10.51
29217.1,9975.81,29489.8,10000,10.5102
29217.6,9975.87,29489.6,10000,10.5104
29218.2,9975.94,29489.4,10000,10.5106
29218.7,9976.01,29489.2,10000,10.5108
29219.3,9976.07,29489,10000,10.511
29219.8,9976.14,29488.8,10000,10.5112
29220.4,9976.21,29488.6,10000,10.5114
29220.9,9976.27,29488.4,10000,10.5116
29221.5,9976.34,29488.2,10000,10.5118
29222,9976.41,29488,10000,10.512
29222.6,9976.47,29487.8,10000,10.5122
29223.1,9976.54,29487.6,10000,10.5124
29223.7,9976.61,29487.4,10000,10.5126
29224.2,9976.68,29487.2,10000,10.5128
29224.8,9976.74,29487,10000,10.513
29225.3,9976.81,29486.8,10000,10.5132
29225.9,9976.88,29486.6,10000,10.5134
29226.5,9976.94,29486.4,10000,10.5136
29227,9977.01,29486.2,10000,10.5138
29227.6,9977.08,29486,10000,10.514
29228.1,9977.14,29485.8,10000,10.5142
29228.7,9977.21,29485.6,10000,10.5144
29229.2,9977.28,29485.4,10000,10.5146
29229.8,9977.34,29485.2,10000,10.5148
29230.3,9977.41,29485,10000,10.515
29230.9,9977.48,29484.8,10000,10.5152
29231.4,9977.54,29484.6,10000,10.5154
29232,9977.61,29484.4,10000,10.5156
29232.5,9977.68,29484.2,10000,10.5158
29233.1,9977.74,29484,10000,10.516
29233.6,9977.81,29483.8,10000,10.5162
29234.2,9977.88,29483.6,10000,10.5164
29234.7,9977.94,29483.4,10000,10.5166
29235.3,9978.01,29483.2,10000,10.5168
29235.8,9978.08,29483,10000,10.517
29236.4,9978.14,29482.8,10000,10.5172
29236.9,9978.21,29482.6,10000,10.5174
29237.5,9978.28,29482.4,10000,10.5176
29238,9978.34,29482.2,10000,10.5178
29238.6,9978.41,29482,10000,10.518
29239.1,9978.48,29481.8,10000,10.5182
29239.7,9978.54,29481.6,10000,10.5184
29240.2,9978.61,29481.4,10000,10.5186
29240.8,9978.68,29481.2,10000,10.5188
29241.3,9978.74,29481,10000,10.519
29241.9,9978.81,29480.8,10000,10.5192
29242.5,9978.88,29480.6,10000,10.5194
29243,9978.94,29480.4,10000,10.5196
29243.6,9979.01,29480.2,10000,10.5198
29244.1,9979.08,29480,10000,10.52
29244.7,9979.14,29479.8,10000,10.5202
29245.2,9979.21,29479.6,10000,10.5204
29245.8,9979.28,29479.4,10000,10.5206
29246.3,9979.34,29479.2,10000,10.5208
29246.9,9979.41,29479,10000,10.521
29247.4,9979.48,29478.8,10000,10.5212
29248,9979.54,29478.6,10000,10.5214
29248.5,9979.61,29478.4,10000,10.5216
29249.1,9979.68,29478.2,10000,10.5218
29249.6,9979.74,29478,10000,10.522
29250.2,9979.81,29477.8,10000,10.5222
29250.7,9979.88,29477.6,10000,10.5224
29251.3,9979.95,29477.4,10000,10.5226
29251.8,9980.01,29477.2,10000,10.5228
29252.4,9980.08,29477,10000,10.523
29252.9,9980.15,29476.8,10000,10.5232
29253.5,9980.21,29476.6,10000,10.5234
29254,9980.28,29476.4,10000,10.5236
29254.6,9980.35,29476.2,10000,10.5238
29255.1,9980.41,29476,10000,10.524
29255.7,9980.48,29475.8,10000,10.5242
29256.2,9980.55,29475.6,10000,10.5244
29256.8,9980.61,29475.4,10000,10.5246
29257.3,9980.68,29475.2,10000,10.5248
29257.9,9980.75,29475,10000,10.525
29258.4,9980.81,29474.8,10000,10.5252
29259,9980.88,29474.6,10000,10.5254
29259.6,9980.95,29474.4,10000,10.5256
29260.1,9981.01,29474.2,10000,10.5258
29260.7,9981.08,29474,10000,10.526
29261.2,9981.15,29473.8,10000,10.5262
29261.8,9981.21,29473.6,10000,10.5264
29262.3,9981.28,29473.4,10000,10.5266
29262.9,9981.35,29473.2,10000,10.5268
29263.4,9981.41,29473,10000,10.527
29264,9981.48,29472.8,10000,10.5272
29264.5,9981.55,29472.6,10000,10.5274
29265.1,9981.61,29472.4,10000,10.5276
29265.6,9981.68,29472.2,10000,10.5278
29266.2,9981.75,29472,10000,10.528
29266.7,9981.81,29471.8,10000,10.5282
29267.3,9981.88,29471.6,10000,10.5284
29267.8,9981.95,29471.4,10000,10.5286
29268.4,9982.01,29471.2,10000,10.5288
29268.9,9982.08,29471,10000,10.529
29269.5,9982.15,29470.8,10000,10.5292
29270,9982.21,29470.6,10000,10.5294
29270.6,9982.28,29470.4,10000,10.5296
29271.1,9982.35,29470.2,10000,10.5298
29271.7,9982.41,29470,10000,10.53
29272.2,9982.48,29469.8,10000,10.5302
29272.8,9982.55,29469.6,10000,10.5304
29273.3,9982.61,29469.4,10000,10.5306
29273.9,9982.68,29469.2,10000,10.5308
29274.4,9982.75,29469,10000,10.531
29275,9982.81,29468.8,10000,10.5312
29275.6,9982.88,29468.6,10000,10.5314
29276.1,9982.95,29468.4,10000,10.5316
29276.7,9983.01,29468.2,10000,10.5318
29277.2,9983.08,29468,10000,10.532
29277.8,9983.15,29467.8,10000,10.5322
29278.3,9983.22,29467.6,10000,10.5324
29278.9,9983.28,29467.4,10000,10.5326
29279.4,9983.35,29467.2,10000,10.5328
29280,9983.42,29467,10000,10.533
29280.5,9983.48,29466.8,10000,10.5332
29281.1,9983.55,29466.6,10000,10.5334
29281.6,9983.62,29466.4,10000,10.5336
29282.2,9983.68,29466.2,10000,10.5338
29282.7,9983.75,29466,10000,10.534
29283.3,9983.82,29465.8,10000,10.5342
29283.8,9983.88,29465.6,10000,10.5344
29284.4,9983.95,29465.4,10000,10.5346
29284.9,9984.02,29465.2,10000,10.5348
29285.5,9984.08,29465,10000,10.535
29286,9984.15,29464.8,10000,10.5352
29286.6,9984.22,29464.6,10000,10.5354
29287.1,9984.28,29464.4,10000,10.5356
29287.7,9984.35,29464.2,10000,10.5358
29288.2,9984.42,29464,10000,10.536
29288.8,9984.48,29463.8,10000,10.5362
29289.3,9984.55,29463.6,10000,10.5364
29289.9,9984.62,29463.4,10000,10.5366
29290.4,9984.68,29463.2,10000,10.5368
29291,9984.75,29463,10000,10.537
29291.6,9984.82,29462.8,10000,10.5372
29292.1,9984.88,29462.6,10000,10.5374
29292.7,9984.95,29462.4,10000,10.5376
29293.2,9985.02,29462.2,10000,10.5378
29293.8,9985.08,29462,10000,10.538
29294.3,9985.15,29461.8,10000,10.5382
29294.9,9985.22,29461.6,10000,10.5384
29295.4,9985.28,29461.4,10000,10.5386
29296,9985.35,29461.2,10000,10.5388
29296.5,9985.42,29461,10000,10.539
29297.1,9985.48,29460.8,10000,10.5392
29297.6,9985.55,29460.6,10000,10.5394
29298.2,9985.62,29460.4,10000,10.5396
29298.7,9985.68,29460.2,10000,10.5398
29299.3,9985.75,29460,10000,10.54
29299.8,9985.82,29459.8,10000,10.5402
29300.4,9985.88,29459.6,10000,10.5404
29300.9,9985.95,29459.4,10000,10.5406
29301.5,9986.02,29459.2,10000,10.5408
29302,9986.08,29459,10000,10.541
29302.6,9986.15,29458.8,10000,10.5412
29303.1,9986.22,29458.6,10000,10.5414
29303.7,9986.28,29458.4,10000,10.5416
29304.2,9986.35,29458.2,10000,10.5418
29304.8,9986.42,29458,10000,10.542
29305.3,9986.48,29457.8,10000,10.5422
29305.9,9986.55,29457.6,10000,10.5424
29306.4,9986.62,29457.4,10000,10.5426
29307,9986.68,29457.2,10000,10.5428
29307.5,9986.75,29457,10000,10.543
29308.1,9986.82,29456.8,10000,10.5432
29308.7,9986.89,29456.6,10000,10.5434
29309.2,9986.95,29456.4,10000,10.5436
29309.8,9987.02,29456.2,10000,10.5438
29310.3,9987.09,29456,10000,10.544
29310.9,9987.15,29455.8,10000,10.5442
29311.4,9987.22,29455.6,10000,10.5444
29312,9987.29,29455.4,10000,10.5446
29312.5,9987.35,29455.2,10000,10.5448
29313.1,9987.42,29455,10000,10.545
29313.6,9987.49,29454.8,10000,10.5452
29314.2,9987.55,29454.6,10000,10.5454
29314.7,9987.62,29454.4,10000,10.5456
29315.3,9987.69,29454.2,10000,10.5458
29315.8,9987.75,29454,10000,10.546
29316.4,9987.82,29453.8,10000,10.5462
29316.9,9987.89,29453.6,10000,10.5464
29317.5,9987.95,29453.4,10000,10.5466
29318,9988.02,29453.2,10000,10.5468
29318.6,9988.09,29453,10000,10.547
29319.1,9988.15,29452.8,10000,10.5472
29319.7,9988.22,29452.6,10000,10.5474
29320.2,9988.29,29452.4,10000,10.5476
29320.8,9988.35,29452.2,10000,10.5478
29321.3,9988.42,29452,10000,10.548
29321.9,9988.49,29451.8,10000,10.5482
29322.4,9988.55,29451.6,10000,10.5484
29323,9988.62,29451.4,10000,10.5486
29323.5,9988.69,29451.2,10000,10.5488
29324.1,9988.75,29451,10000,10.549
29324.7,9988.82,29450.8,10000,10.5492
29325.2,9988.89,29450.6,10000,10.5494
29325.8,9988.95,29450.4,10000,10.5496
29326.3,9989.02,29450.2,10000,10.5498
29326.9,9989.09,29450,10000,10.55
29327.4,9989.15,29449.8,10000,10.5502
29328,9989.22,29449.6,10000,10.5504
29328.5,9989.29,29449.4,10000,10.5506
29329.1,9989.35,29449.2,10000,10.5508
29329.6,9989.42,29449,10000,10.551
29330.2,9989.49,29448.8,10000,10.5512
29330.7,9989.55,29448.6,10000,10.5514
29331.3,9989.62,29448.4,10000,10.5516
29331.8,9989.69,29448.2,10000,10.5518
29332.4,9989.75,29448,10000,10.552
29332.9,9989.82,29447.8,10000,10.5522
29333.5,9989.89,29447.6,10000,10.5524
29334,9989.95,29447.4,10000,10.5526
29334.6,9990.02,29447.2,10000,10.5528
29335.1,9990.09,29447,10000,10.553
29335.7,9990.15,29446.8,10000,10.5532
29336.2,9990.22,29446.6,10000,10.5534
29336.8,9990.29,29446.4,10000,10.5536
29337.3,9990.35,29446.2,10000,10.5538
29337.9,9990.42,29446,10000,10.554
29338.4,9990.49,29445.8,10000,10.5542
29339,9990.56,29445.6,10000,10.5544
29339.5,9990.62,29445.4,10000,10.5546
29340.1,9990.69,29445.2,10000,10.5548
29340.7,9990.76,29445,10000,10.555
29341.2,9990.82,29444.8,10000,10.5552
29341.8,9990.89,29444.6,10000,10.5554
29342.3,9990.96,29444.4,10000,10.5556
29342.9,9991.02,29444.2,10000,10.5558
29343.4,9991.09,29444,10000,10.556
29344,9991.16,29443.8,10000,10.5562
29344.5,9991.22,29443.6,10000,10.5564
29345.1,9991.29,29443.4,10000,10.5566
29345.6,9991.36,29443.2,10000,10.5568
29346.2,9991.42,29443,10000,10.557
29346.7,9991.49,29442.8,10000,10.5572
29347.3,9991.56,29442.6,10000,10.5574
29347.8,9991.62,29442.4,10000,10.5576
29348.4,9991.69,29442.2,10000,10.5578
29348.9,9991.76,29442,10000,10.558
29349.5,9991.82,29441.8,10000,10.5582
29350,9991.89,29441.6,10000,10.5584
29350.6,9991.96,29441.4,10000,10.5586
29351.1,9992.02,29441.2,10000,10.5588
29351.7,9992.09,29441,10000,10.559
29352.2,9992.16,29440.8,10000,10.5592
29352.8,9992.22,29440.6,10000,10.5594
29353.3,9992.29,29440.4,10000,10.5596
29353.9,9992.36,29440.2,10000,10.5598
29354.4,9992.42,29440,10000,10.56
29355,9992.49,29439.8,10000,10.5602
29355.5,9992.56,29439.6,10000,10.5604
29356.1,9992.62,29439.4,10000,10.5606
29356.6,9992.69,29439.2,10000,10.5608
29357.2,9992.76,29439,10000,10.561
29357.8,9992.82,29438.8,10000,10.5612
29358.3,9992.89,29438.6,10000,10.5614
29358.9,9992.96,29438.4,10000,10.5616
29359.4,9993.02,29438.2,10000,10.5618
29360,9993.09,29438,10000,10.562
29360.5,9993.16,29437.8,10000,10.5622
29361.1,9993.22,29437.6,10000,10.5624
29361.6,9993.29,29437.4,10000,10.5626
29362.2,9993.36,29437.2,10000,10.5628
29362.7,9993.42,29437,10000,10.563
29363.3,9993.49,29436.8,10000,10.5632
29363.8,9993.56,29436.6,10000,10.5634
29364.4,9993.62,29436.4,10000,10.5636
29364.9,9993.69,29436.2,10000,10.5638
29365.5,9993.76,29436,10000,10.564
29366,9993.82,29435.8,10000,10.5642
29366.6,9993.89,29435.6,10000,10.5644
29367.1,9993.96,29435.4,10000,10.5646
29367.7,9994.02,29435.2,10000,10.5648
29368.2,9994.09,29435,10000,10.565
29368.8,9994.16,29434.8,10000,10.5652
29369.3,9994.22,29434.6,10000,10.5654
29369.9,9994.29,29434.4,10000,10.5656
29370.4,9994.36,29434.2,10000,10.5658
29371,9994.43,29434,10000,10.566
29371.5,9994.49,29433.8,10000,10.5662
29372.1,9994.56,29433.6,10000,10.5664
29372.6,9994.63,29433.4,10000,10.5666
29373.2,9994.69,29433.2,10000,10.5668
29373.8,9994.76,29433,10000,10.567
29374.3,9994.83,29432.8,10000,10.5672
29374.9,9994.89,29432.6,10000,10.5674
29375.4,9994.96,29432.4,10000,10.5676
29376,9995.03,29432.2,10000,10.5678
29376.5,9995.09,29432,10000,10.568
29377.1,9995.16,29431.8,10000,10.5682
29377.6,9995.23,29431.6,10000,10.5684
29378.2,9995.29,29431.4,10000,10.5686
29378.7,9995.36,29431.2,10000,10.5688
29379.3,9995.43,29431,10000,10.569
29379.8,9995.49,29430.8,10000,10.5692
29380.4,9995.56,29430.6,10000,10.5694
29380.9,9995.63,29430.4,10000,10.5696
29381.5,9995.69,29430.2,10000,10.5698
29382,9995.76,29430,10000,10.57
29382.6,9995.83,29429.8,10000,10.5702
29383.1,9995.89,29429.6,10000,10.5704
29383.7,9995.96,29429.4,10000,10.5706
29384.2,9996.03,29429.2,10000,10.5708
29384.8,9996.09,29429,10000,10.571
29385.3,9996.16,29428.8,10000,10.5712
29385.9,9996.23,29428.6,10000,10.5714
29386.4,9996.29,29428.4,10000,10.5716
29387,9996.36,29428.2,10000,10.5718
29387.5,9996.43,29428,10000,10.572
29388.1,9996.49,29427.8,10000,10.5722
29388.6,9996.56,29427.6,10000,10.5724
29389.2,9996.63,29427.4,10000,10.5726
29389.8,9996.69,29427.2,10000,10.5728
29390.3,9996.76,29427,10000,10.573
29390.9,9996.83,29426.8,10000,10.5732
29391.4,9996.89,29426.6,10000,10.5734
29392,9996.96,29426.4,10000,10.5736
29392.5,9997.03,29426.2,10000,10.5738
29393.1,9997.09,29426,10000,10.574
29393.6,9997.16,29425.8,10000,10.5742
29394.2,9997.23,29425.6,10000,10.5744
29394.7,9997.29,29425.4,10000,10.5746
29395.3,9997.36,29425.2,10000,10.5748
29395.8,9997.43,29425,10000,10.575
29396.4,9997.49,29424.8,10000,10.5752
29396.9,9997.56,29424.6,10000,10.5754
29397.5,9997.63,29424.4,10000,10.5756
29398,9997.69,29424.2,10000,10.5758
29398.6,9997.76,29424,10000,10.576
29399.1,9997.83,29423.8,10000,10.5762
29399.7,9997.89,29423.6,10000,10.5764
29400.2,9997.96,29423.4,10000,10.5766
29400.8,9998.03,29423.2,10000,10.5768
29401.3,9998.09,29423,10000,10.577
29401.9,9998.16,29422.8,10000,10.5772
29402.4,9998.23,29422.6,10000,10.5774
29403,9998.29,29422.4,10000,10.5776
29403.5,9998.36,29422.2,10000,10.5778
29404.1,9998.43,29422,10000,10.578
29404.6,9998.5,29421.8,10000,10.5782
29405.2,9998.56,29421.6,10000,10.5784
29405.7,9998.63,29421.4,10000,10.5786
29406.3,9998.7,29421.2,10000,10.5788
29406.9,9998.76,29421,10000,10.579
29407.4,9998.83,29420.8,10000,10.5792
29408,9998.9,29420.6,10000,10.5794
29408.5,9998.96,29420.4,10000,10.5796
29409.1,9999.03,29420.2,10000,10.5798
29409.6,9999.1,29420,10000,10.58
29410.2,9999.16,29419.8,10000,10.5802
29410.7,9999.23,29419.6,10000,10.5804
29411.3,9999.3,29419.4,10000,10.5806
29411.8,9999.36,29419.2,10000,10.5808
29412.4,9999.43,29419,10000,10.581
29412.9,9999.5,29418.8,10000,10.5812
29413.5,9999.56,29418.6,10000,10.5814
29414,9999.63,29418.4,10000,10.5816
29414.6,9999.7,29418.2,10000,10.5818
29415.1,9999.76,29418,10000,10.582
29415.7,9999.83,29417.8,10000,10.5822
29416.2,9999.9,29417.6,10000,10.5824
29416.8,9999.96,29417.4,10000,10.5826
29417.3,10000,29417.2,10000,10.5828
29417.9,10000.1,29417,10000,10.583
